hash,campaign_group,Label,date_year,split
37371404b45fdc0c25156268e9be37c99aa6a8ad4798dcb9dd5a384647659e40,campaign_37371404b45fdc0c,1,2024,train
3521c1a1ab868e1349bfc785c16f9a4d88269beadf6e862f69c822cd2fa479af,campaign_3521c1a1ab868e13,1,2025,locked_2025_holdout
3c51c932faeed8bbd33383012e61c6b8928497b8a64555f3146fd793f253ba05,campaign_3c51c932faeed8bb,1,2025,locked_2025_holdout
85903974ce2260bc25729dc80f30a624c3a8e29423491f98792df86adcc18276,campaign_85903974ce2260bc,1,2022,train
65d78c8eb4ca67b3e5d0cb7061a8d9848f34fd8b83687d8f1597711712e42a20,campaign_044e2d37ba7f3404,1,2024,train
131d5737b8f552dac26488cb0763e60fd6399c34369e931725564b35ba9e4e3b,campaign_131d5737b8f552da,1,2025,locked_2025_holdout
6fef66810b856fedf4673170fdc66b4154ecaa13cdbe54c0dab05cee5642f765,campaign_274cd5d85157a02e,1,2024,train
187f544bbc37c3cf844e87a1ad2f4170bc186e22fe8dab840c30797c2513f531,campaign_187f544bbc37c3cf,1,2024,train
2b9e167fa4419ec00fc8b813bd1249108e00462b43e9ba6739ba655f78961536,campaign_033b2e5817f4272d,1,2025,locked_2025_holdout
5d5f95932f729e00001af73b851062360f95e62bbfe2f55d0632d21b65de3a28,campaign_5d5f95932f729e00,1,2025,locked_2025_holdout
f2c21a359d1181d92883f81b528dade675ebb3c559dff44d9536da00f059017e,campaign_0150af908bd14468,1,2024,train
e4a7dc8202067957a2ecd3acbce9fa9df08053e173bfd07fb4b626a788f77233,campaign_e4a7dc8202067957,1,2025,locked_2025_holdout
66491ee8033529936e5f3485ebab44c54353c18ac46afbd650697372ce873e3a,campaign_66491ee803352993,1,,excluded_undated
bf9026e807f566ba27005a461cb5ffc584abf7263d4f250813a64ec7c0806ad4,campaign_bf9026e807f566ba,1,2025,locked_2025_holdout
0e389eb8030ea132c0f991613650da3c8d1a8b8b452e1d987fe256f5ebef3cac,campaign_033b2e5817f4272d,1,2025,locked_2025_holdout
ffcd5916bf9af552836d9f8c67bbc287dfaad5ea9103bb762c6deb135000a729,campaign_ffcd5916bf9af552,1,2025,locked_2025_holdout
6b0fb4be6b23e30d00cf8aa58c33df39ea68fd746ca0d72ac461db3879e7a7a3,campaign_6b0fb4be6b23e30d,1,2025,locked_2025_holdout
c4793ea726f41dcea17bd0937e6739727b7c2e59fee3ec3160fd401bd7f31bbb,campaign_033b2e5817f4272d,1,2025,locked_2025_holdout
b9eae7b9a5e8bf4843978fa88d3b796b9a6a2b046815392a9d0173b68870cd45,campaign_b9eae7b9a5e8bf48,1,2023,train
42abb73881bcb1dc00ff3584df021b1e37c9a06452b416f4e363770cc10dc324,campaign_42abb73881bcb1dc,1,2025,locked_2025_holdout
237da9094162a7a3e28c0bb4bf8b17c2009a8726a49eac2cc79977ba5df5f6ce,campaign_237da9094162a7a3,1,2024,train
6598b1dcd874d9eda196b957605f63f955b575b5d556a0cdd25d2ed0c1692abc,campaign_009c5dc058564264,1,2025,locked_2025_holdout
17094d0a28840ce69f671bc58e91c9f6b70aec1fa3defc1198a3d231a1d0e9c1,campaign_17094d0a28840ce6,1,2025,locked_2025_holdout
79ae103c562f34f55068851fb01750e7da8f0e899bf1519dd3ffdfbe304ec84b,campaign_07d8c1f4df86e61f,1,2024,train
183de748f83766de9a52b2cab03d6867c9156e87ab2c808aa686e6f0a5417268,campaign_183de748f83766de,1,2023,train
23260e043ba722dbc54728efda593203bf9d868888e83f4fc92616eb7c8b2fcd,campaign_044e2d37ba7f3404,1,2024,train
ef456e5e327faf807f035a46b91ab6fe8807934ac3e6b5f7536e9ec32479e5df,campaign_ef456e5e327faf80,1,2024,train
5d0eba1283540d0615e6b07a1ebad9551b0cfee65397a123a088ddcb10bb2fa2,campaign_5d0eba1283540d06,1,2024,validation
274cd5d85157a02e18b773853a9e86d3e1c29ed595460b27c476897c41a0dba6,campaign_274cd5d85157a02e,1,2024,train
0a7be2185e88907dc89d32920fa42fde6e59c8b8aa206d4cc4de9d260e9fb585,campaign_0a7be2185e88907d,1,2024,validation
66e35f174dc6e0bd5d2e1a3b018fbf02345388610b9c978ce3f738b43bc2929c,campaign_044e2d37ba7f3404,1,2024,train
15ceddf8f77411b2cd131fbaaeb3ce646959d166d79e2ae4edc33eb057972847,campaign_15ceddf8f77411b2,1,2025,locked_2025_holdout
42e9d7de1eb0088544dc2ddff43e7aacde92e3e37a9f413be279b049e7f468c3,campaign_42e9d7de1eb00885,1,2025,locked_2025_holdout
d5b5b24ba4cd12512b8fad1a8f1aa8f14aea2eadd9afd4676e62e0cb0aab110c,campaign_d5b5b24ba4cd1251,1,2023,train
3e392dd4d280a62859f84f1a4e1f98766dde90c3a3e8f9344bea9ad767cb2d96,campaign_3e392dd4d280a628,1,2024,train
e7eb0682cd5bbf58eec7a81e2367661248047b6c108f91c4bcff8247e367b20b,campaign_e7eb0682cd5bbf58,1,2024,train
397e72556bcd94e86d9d77dc0f6df66623015deabd7755bee1cf28ca18ff5eda,campaign_2a6064cf109129e4,1,2024,validation
b131555ccb0263684a40e6d4c34ea6ae672bae48b4e203c809ce013478ca2bde,campaign_15c76b3df7265a92,1,,excluded_undated
72138ff10b614dc86297473c51bb5f97da1fd333e6f19180e9cd46f38d303101,campaign_72138ff10b614dc8,1,2022,train
3ccfad6075369cf6a0ad11015c97ca882eeabb69b4367be0a6cdc75398f3ce75,campaign_3ccfad6075369cf6,1,2025,locked_2025_holdout
f5606f3cab30d353858b292241dc5877a0db10740c108bdb7fd98a0bd349f779,campaign_f5606f3cab30d353,1,2025,locked_2025_holdout
d3cf84b0b69f43497781efc80bb1d366a38b0ecbd159f65d82e3e51efe1071ed,campaign_d3cf84b0b69f4349,1,2025,locked_2025_holdout
cce601083200185342236eb18f857c9ffa696f9a7742d6034a348a4fca18fa83,campaign_cce6010832001853,1,2024,validation
cd19aeb4fffd20fd6e929613f5624f596055c3c6940bd91d130bc2a1c779c523,campaign_cd19aeb4fffd20fd,1,,excluded_undated
04c736375b12c24ed1d619b1b91757dafdf5968d79640d4061e651c8557f45c1,campaign_04c736375b12c24e,1,2025,locked_2025_holdout
d6b32f0980142cb1f3a764fcaefe6b3913e86b594d78569498bbfe46568917f3,campaign_044e2d37ba7f3404,1,2024,train
caceea558c3ea0d5e0763da47155ff5e6cfc7d24f77ee9061ff0b712ccd805a7,campaign_15ceddf8f77411b2,1,2025,locked_2025_holdout
b1b71fa263e5ad590ea4ca8c86657076458e4dbea215ca6ab1ae8309530774a7,campaign_b1b71fa263e5ad59,1,2025,locked_2025_holdout
1137d3d4f1036dd9da7a9e37fcd79cce9fe30c757af426082b2c6ff6e62a06c4,campaign_1137d3d4f1036dd9,1,2025,locked_2025_holdout
194e566697e162a31fd9ba55d20e9ce8f83091b03e0344578b58cd257d5c1faa,campaign_194e566697e162a3,1,2025,locked_2025_holdout
9d03b8d3f310f4f13ba3a5362ed047cd6576155e08de7578c666f1d5b8c24e47,campaign_9d03b8d3f310f4f1,1,2023,train
049474f07ba5a33e2255eb007e93d8718c13b905264e4346bb8771c20e160240,campaign_049474f07ba5a33e,1,2024,validation
b2867475cd567faa75f12d068781682e5e727e9bdff01ab5b9d6d3f1414756ca,campaign_b2867475cd567faa,1,2024,train
516c5a1f8380afc769cc9895281ecd654da30be6ea3943156675cc78fc4ef139,campaign_516c5a1f8380afc7,1,2025,locked_2025_holdout
e17f4ff82333e0782651911270ff87c0329420a2630e4191cf04522a8a6e9ca0,campaign_044e2d37ba7f3404,1,2024,train
5d061dacfa3729755baa3a6e36444870822f8a9095bb9776c047f5260bf17ece,campaign_5d061dacfa372975,1,2023,validation
50c0893b15d90e16d58f52d0c02308e9c3bf470d0fe73a40a7f448832a30d637,campaign_50c0893b15d90e16,1,2025,locked_2025_holdout
0e0f9c9b2f92dbdca525d8c8452116cce5f580a6943dd81950784d09f9e5971b,campaign_0e0f9c9b2f92dbdc,1,2025,locked_2025_holdout
1860e93907de86101a9c1e12026d54b51cea7efe6dbe934fa452fcc03d7d7fbd,campaign_1860e93907de8610,1,2025,locked_2025_holdout
e7d05bc2a900c81198c93f7bf9641255bce70e161fe8dc3b4ddb3fd16cf00223,campaign_b2867475cd567faa,1,2024,train
fb9dce98436b23f55d00ab92140cdd77ccbeb2530154e149cb5e1b318ecffbba,campaign_d5efdc7d01e425fe,1,2025,locked_2025_holdout
a53ad56357f84a64d3261c3c2d06ff71056dd30859027a456f8257ecbc0a02d9,campaign_a53ad56357f84a64,1,2024,train
0be7b794fa428804390141e252d84ae061344161184a03efcc8b2f8a38165351,campaign_044e2d37ba7f3404,1,2024,train
0323413aee4d60804eb8b3703664d30ad68dde10482235b93bdbf0a91eb8143d,campaign_0323413aee4d6080,1,2024,train
1f1cfaeb7462846d0a8b54dc75117ef3d759bf8cf995507f1f3886c54d906b6c,campaign_1f1cfaeb7462846d,1,2024,train
cc19d6b01d464d51e3606cbee36cdb8274148bae640acc36b09f9756764b6220,campaign_3a6c17ec2e6d697f,1,2025,locked_2025_holdout
9c289a09d0fc258e7d6905db0a30938efd41789dcac5b50db7a3d4b89899b841,campaign_9c289a09d0fc258e,1,2024,train
3a6c17ec2e6d697f4df0aac44454df7930e4ec7718c5cf99c3a985ff02deda33,campaign_3a6c17ec2e6d697f,1,2025,locked_2025_holdout
cb7ad988e8eb5e7e5d99327a6b3e0faa4f7a34c072cabf0c24045dfdae96f5b2,campaign_cb7ad988e8eb5e7e,1,2025,locked_2025_holdout
7068028e792b62dbcbdf93bfa03361223f552733e2fa25187b285f374e5f684d,campaign_225bbf0be607d97e,1,2025,locked_2025_holdout
51cbc1876eeaff42950cdf07a2c23214a7fa7e20f76216ce7c0ee819f762aa42,campaign_51cbc1876eeaff42,1,2025,locked_2025_holdout
42ef3aa68ecef9b7435e341e174b0414db6640fff5e13daddb4c8224c13192bc,campaign_42ef3aa68ecef9b7,1,2025,locked_2025_holdout
ecd3a938598e22944539ba97ba09ca2fae13592736bb185103d1c457cbfd5e7c,campaign_07d8c1f4df86e61f,1,2024,train
e0846187647493f66ba0c1a76fb294bfbe8ad2491967fa7eca8b2bbc8647a9dd,campaign_044e2d37ba7f3404,1,2024,train
69be13a080157b2cdf624312b41c7c651d87b9d7e8a13a95a7fb4ddae98458cf,campaign_0150af908bd14468,1,2024,train
124193533957c9f658d9e255e53d7d7925eb637445edd025d02ee9d5121b2c87,campaign_124193533957c9f6,1,2023,train
22a7a5188c1b1932c6d6dc0272844354bcd55333df94d25da492d5abd20408ab,campaign_187f544bbc37c3cf,1,2024,train
1ee1d10e853383f71e7a02315412c5306175cb144462dc5f17481b01e0904fc8,campaign_1ee1d10e853383f7,1,2024,train
184eb06710c9e642f050e73bd22f1e34f92568bf3769d5f690bb80cb040a4cf2,campaign_044e2d37ba7f3404,1,2024,train
4798afefa719ee2a0ed3d3ff2d8b41de71d3b3e3ba1a92ea858078a694a18a71,campaign_4798afefa719ee2a,1,2025,locked_2025_holdout
45466e7157798f29100038503c45308ffbb7a1e093081a7c832c9335668140b1,campaign_45466e7157798f29,1,2025,locked_2025_holdout
a270bdc4eddc50e14d59334cba0dba22c9adaf83a082de50e94ecb45ff032cb0,campaign_187f544bbc37c3cf,1,2024,train
61180b0f754a38c87ae6ee9cd8fc13e7ff04c2859a47f8017c0f6e492e39d2cc,campaign_482d6849e4156977,1,2024,validation
b998f153dd17d0e7de1088367ba3623a74e24f4201024b8d83ef9eac47702407,campaign_b998f153dd17d0e7,1,2025,locked_2025_holdout
86f1beeb031213eec6f5eeeca436e6cb2148d6dd596288b78a688dd924d0075b,campaign_86f1beeb031213ee,1,2024,train
508958803d694e9f58e6fc414a04651b9963cfb4e8a30eaef6de84ed051701b6,campaign_033b2e5817f4272d,1,2025,locked_2025_holdout
82ec078f1c67920bd917d1bcc7f966013cf5c73b73140efadcf79c56022041b8,campaign_82ec078f1c67920b,1,2023,train
c172762960891c44ba42a5d44a25a87a67513ba644531bbb0f7aa6703ecdb3a9,campaign_c172762960891c44,1,2023,train
8a6fb19313063b107d22e938c69996100447a9475fb16e4273f8be1b102658e0,campaign_1f1cfaeb7462846d,1,2024,train
ae28232c9d3f2177c9b275a267fee9524c4c5f366866381abac7b106be1b72e1,campaign_ae28232c9d3f2177,1,2023,train
21fd8640b2ed76dbca19d3d21d383d327b75a4e39a87a4c644f8f8ae335300f6,campaign_21fd8640b2ed76db,1,2025,locked_2025_holdout
b3be52e0118edb3488347b02b6817d728102c996efb8ff014b7b52424cb31c1b,campaign_b3be52e0118edb34,1,2024,train
36b8ff5496623bcf948d9805143495c481738c97d2f827315e0c29ea2f8b9f97,campaign_23aa6ddcd21236d9,1,2025,locked_2025_holdout
9d86be1b9822e4d6a3a7d78c69fb7df2e6cad25c6becd2187a4a66f7483af3f4,campaign_9d86be1b9822e4d6,1,2024,validation
e498c2c0f6253452b3019f198cf9f7768922a244e107d4f73b6ce3a3ec42c7a0,campaign_e498c2c0f6253452,1,2024,validation
de55d1bddb2db0b69dfc2bb9af703ae4f996126909c6d6786655ed362ba2ae42,campaign_de55d1bddb2db0b6,1,2025,locked_2025_holdout
438599bd8cc4551c0cb726648f4075d665d13cb3d5daf47e01bba26ce4c5faa0,campaign_438599bd8cc4551c,1,2024,train
5ba223486c0397ca05d727260d670617aade44429f5b8e49ef814579788c8993,campaign_5ba223486c0397ca,1,2024,train
6e97c0a4d83d41935ac8ccf47bbd00d87df9f41716311caf946dba44a72d04a8,campaign_187f544bbc37c3cf,1,2024,train
3fbcf4061f97592f6dbeb1738d92cf25d1fcc30c67fb24be28166d7c51428075,campaign_3fbcf4061f97592f,1,2022,train
fef39ad1ef58f3e7fd344ecca7de579a915823183b08a2fe464b6078d30bb18c,campaign_071a054e12fccffd,1,,excluded_undated
86879476b6a5bc326e9a0ec9128806525f5de1369ae471aad4e7128253a714f0,campaign_86879476b6a5bc32,1,2020,train
bdc451dcfea9dabd9d5cc34843a8a6ba4ff6b7984f51949085ffefe7b8de9a59,campaign_bdc451dcfea9dabd,1,2025,locked_2025_holdout
c219c8c8b66c42272995e373ee096f0933470466cf586bc00c0ba319f6822936,campaign_c219c8c8b66c4227,1,2024,train
f51cd17468f4762aff26b12b5e2541a7021970bdb980d0d95a15580937094c58,campaign_562ce5602b21af29,1,2025,locked_2025_holdout
91e605c33a3b39321c6276172aa7532252aab0d98cb4968f371d3bba4fdab3da,campaign_044e2d37ba7f3404,1,2024,train
4727f7e29a859b07a430107967694c36911040508c5767e622504577c7d1251d,campaign_4727f7e29a859b07,1,2025,locked_2025_holdout
225bbf0be607d97ebb010a8b920499927820a1e080e88bab0cfd32c0a81b4ef5,campaign_225bbf0be607d97e,1,2025,locked_2025_holdout
9d19439522f5261c20a6560ed7db7c7453912117688cf70a2ff367355f0cc396,campaign_9d19439522f5261c,1,2024,train
b84e7a0083d69c98b7450249a579cbb7b8073370ed26554e472544f7f8136a09,campaign_0150af908bd14468,1,2024,train
1c586db0afaec1e7f5be0a5f09827aece8ae76c457b4c07a05d1b1fa8ee3c2c4,campaign_04c736375b12c24e,1,2025,locked_2025_holdout
09860e71f6394fdbeb28269224bff2b257c594161960acd20f1445dcd49c2547,campaign_09860e71f6394fdb,1,2024,train
583cdf3a9b73663f099c850b6dc3e3853f07c299ff530e8d102113cc1561a7cc,campaign_583cdf3a9b73663f,1,2022,train
14f775280357ebace7ae9d739d1cd7ab15481e4906b1cc508dc0d90b4f963590,campaign_09b73d101717db37,1,2025,locked_2025_holdout
4142b7d42602d8b9e06984d7d0bcbd7e4243b54cd011face83431e1b76d8411e,campaign_4142b7d42602d8b9,1,2025,locked_2025_holdout
0cfebc71bd4d3ef08fef76642ac493a2f1651c36d74c72af428fabc6dcfd414d,campaign_0cfebc71bd4d3ef0,1,2025,locked_2025_holdout
a3ea7cb7a13f2405c26217f3986ca9e74290bfbfabf14eafb61c0d4ee9900bdd,campaign_225bbf0be607d97e,1,2025,locked_2025_holdout
01608efacb0c2df106ed5029e85ca99370159e22682bb7839c55e3b8ca202a76,campaign_01608efacb0c2df1,1,2023,train
9dc7a876cd73df0bafda8aab6f5120c1afb116f2bdeb798d95cafa7f1bf901e2,campaign_9dc7a876cd73df0b,1,2024,train
09b73d101717db3726a94b707251713c80be1e8142079cb0fc274bc54bc6a11d,campaign_09b73d101717db37,1,2025,locked_2025_holdout
3e2cc19177592765bece3bef1e76bee851375faaffcb2fe6d57232fe91ab04cb,campaign_044e2d37ba7f3404,1,2024,train
ed0698ad5fe5112f2cfae800ab04d4769caed70303e11b5a8d4c077d44127900,campaign_563439ea68dd7357,1,2025,locked_2025_holdout
e3ed483e33bb6f7b7cba4ff3be8dd4c4d4fa594c8b4a01805da756c712c149f3,campaign_e3ed483e33bb6f7b,1,2024,train
7419c32b1595e00075186ea7104f9d9d7e8997f85d67d2be70efb56402c42201,campaign_482d6849e4156977,1,2024,validation
3b6685b592480071f46654596c74e632c4a45dd7160ce5c567c8d87da9482766,campaign_25940db66ecd935a,1,2025,locked_2025_holdout
0b79dc58332f814d20fd80baa70063d2d13179cc4add9f3400eeac7c55be03b1,campaign_0b79dc58332f814d,1,2025,locked_2025_holdout
098c6d25273d397fadd756f15e98c362ec51a58a9a727c456ac413b0a90dc06f,campaign_098c6d25273d397f,1,2024,train
5ddca239a074b527b7f4bf8c2c37e93d70367178666f5dbf506fe438aa1ba6f3,campaign_5ddca239a074b527,1,2024,train
702782d8765558d05cce1586c245e88bc2a78087b72736b189a28d1df26945e2,campaign_702782d8765558d0,1,2024,train
bf0336db680b051d0f7694990aa81a05ff12c272a127a4a26e3b48445800e9b8,campaign_bf0336db680b051d,1,2023,train
bbfe1b2990b8496b0a82ec12d15b9724deff1984b67cdd15d7ddf100481b89a5,campaign_2de3a4995989d34d,1,2025,locked_2025_holdout
562b26e4bc6ec7d656c64fb1269d5417871fa1f6fe8bc1217fe31d69af150715,campaign_009c5dc058564264,1,2025,locked_2025_holdout
611e588d2c8e95d6289c3fed00feaf8f6641318947ef83be2cfc7bfda7678064,campaign_247e80bf53799c26,1,2025,locked_2025_holdout
63bfbc7fd59fd695512f514767891d01232119ccf894450741c637f55b3d7f50,campaign_0de79395b27b8f9d,1,2025,locked_2025_holdout
7bfc8adb0808afa775db634f7c1df34cecbd691a67c18cca684d6bd0ea3877d3,campaign_044e2d37ba7f3404,1,2024,train
d4ca25fea5439adeb00209847cbdc19ce30aa6f0d74a5354d223fac216f08044,campaign_21fd8640b2ed76db,1,2025,locked_2025_holdout
a1da5809558fd8e4d747f4c62ecdbb74ae07490ebac5e097a51bc1fc35ef0219,campaign_a1da5809558fd8e4,1,2025,locked_2025_holdout
a897efa3bd73dec79f76c0dbd7411fdbc006723cf17201db0ef5252bae6e6f5f,campaign_562ce5602b21af29,1,2025,locked_2025_holdout
dcb821e41df031e83ca9ce390fda8fe30872197c4a507619ab35dd73da1c9a84,campaign_dcb821e41df031e8,1,2023,train
9af84499aca8d2fba0d4a3a08570811746ab73e9546449ba3812bf41e5edd9d8,campaign_25940db66ecd935a,1,2025,locked_2025_holdout
ca32ba6ef5273f6155753a373c47cf92d3d7f8685a1adf58c05b62140bc21331,campaign_ca32ba6ef5273f61,1,2025,locked_2025_holdout
e502882a305f15ce39453dda3591d3e787c1a8f6f5665eb58133816009fc361a,campaign_044e2d37ba7f3404,1,2024,train
2916b96b6a8df85a14df31951fe3178670537aa3e4e32af2a9fed7356917e2f5,campaign_2916b96b6a8df85a,1,2024,train
b7922c3eba76845bd788fecc7db09a24c7e1f78dfca9c04ab699c2142a19b9ae,campaign_b7922c3eba76845b,1,2023,train
816e5e594d329c35da89c626836913e9f9138243b721fed3c8937207b91717ea,campaign_0150af908bd14468,1,2024,train
c7729c228fe4398c9fe79a1d087989715de1bf790232043adccb3bdbd192d5d6,campaign_c7729c228fe4398c,1,2023,train
384471c54066fd1fcc743e41723bdde2022ac59ff0c59ab43b6c7783d20d4692,campaign_384471c54066fd1f,1,2021,train
905309e2d3e2e3345f88cf8ba6fefef2a6c32a3e829c38b7d9234e0125536a36,campaign_77604df7238b3b3c,1,2024,validation
3fd2eca1025ed44aa89954bb38e0d2346b53cdfe1eabc56c22d3f1c44b4906e7,campaign_3fd2eca1025ed44a,1,2025,locked_2025_holdout
77604df7238b3b3c3bbf00867443814be0f6326779d5aceb1aa647b978a90f51,campaign_77604df7238b3b3c,1,2024,validation
c0d3eca6c548ab8a3d875ddd2f5604d25cfdb648451453eee6ee7c0c5d730dcc,campaign_9d6feb39edd721ed,1,2024,train
19c57d7b72f740fcf53914d8f628ffff5c03fb9a5c083f2fa09885ae437526c5,campaign_19c57d7b72f740fc,1,2025,locked_2025_holdout
2d563a81416fda7cf49dd5fb62c79bff6b8f5098b2acff0a0c1afe43992b4fc2,campaign_2d563a81416fda7c,1,2025,locked_2025_holdout
c8aa10aa7a700854d0f3fd88027e415064e6cece501fa6d20ad37cea81a900fd,campaign_c8aa10aa7a700854,1,2021,train
a6e1ae5e47ee5bc20d0b40c921903b60daed4628e4392f97ab10cfb49d429a24,campaign_0b8f004d5c603894,1,2025,locked_2025_holdout
e5fd10db3d6b0b50a0f807a68a7a379e663838e124fc3830c1293338b758f355,campaign_e5fd10db3d6b0b50,1,2022,train
6fecffe4ad836d12d01878f49d664c3d02b8f00f61a45cffffc7034ec3249027,campaign_009c5dc058564264,1,2025,locked_2025_holdout
2417384bc6e2c9b1c4f19b7bbe43f90d2a7321164da30891d3e619552e92c689,campaign_044e2d37ba7f3404,1,2024,train
b6278fc8daf9821eca08f13672b4be8d691ffbe3aa780688fa19ca6fc7449020,campaign_b6278fc8daf9821e,1,2025,locked_2025_holdout
336298d7d19c5bbd565fbc55048f75eeb48973889c245a5d032f716538dd3983,campaign_336298d7d19c5bbd,1,2025,locked_2025_holdout
adcf9f2233255a5049a6301ca62442bd23fab1f5688962c7bef8036bb0cfcc06,campaign_009c5dc058564264,1,2025,locked_2025_holdout
f8129c0c970245aebabfdcaeb48dfdf9f73c2b04cdd18317824a4394d3a14dd6,campaign_c13014b4c503c3a7,1,2025,locked_2025_holdout
fb69d4abeea9995d6f4b1b8e6bc306770f076d957ce035ce97c4040eef9b8e7f,campaign_fb69d4abeea9995d,1,2024,validation
f022fd1c3cb3e0689d63450c6cb8a75f63823c4d5d6fcca4da19a9bc5442b983,campaign_f022fd1c3cb3e068,1,2023,train
df4f2b9cd61ff3953cc9c1fb2be36df787cf769fa89be8875b8d3fdda189de5e,campaign_df4f2b9cd61ff395,1,2021,train
3789a2ffee2ba87ffed091a3ebe459cd91f25fb927568a75aed81335caadff37,campaign_3789a2ffee2ba87f,1,2022,train
07d8c1f4df86e61f2c8e50a2731660aaf3e4ec227ae7fbfe99c28e399b2fb6c0,campaign_07d8c1f4df86e61f,1,2024,train
2a6064cf109129e4afa5eaaf76dcaa2a2d69793119049aa06c3c1e61e8429ba5,campaign_2a6064cf109129e4,1,2024,validation
836a1bfc28ea05a747902d0d265486d47f1638d29bfd9473c12993ba8a2369e5,campaign_071a054e12fccffd,1,,excluded_undated
7cb99c378f32efbd8e3515b0ea9e8842987d0d0f59cde0834f504e56266f261f,campaign_044e2d37ba7f3404,1,2024,train
bb3a4456d7bc191db06cf9bd57a8f78c252a69d6e3c60d5d6b7097333639e366,campaign_bb3a4456d7bc191d,1,2025,locked_2025_holdout
51147632c56d3058295ae0543307b43b9235f11ad280d4b869f4280804946935,campaign_51147632c56d3058,1,2025,locked_2025_holdout
319a3150082e2024d4ce79a7eff73be16fcb322a52fc496fe7e3f738b4454195,campaign_319a3150082e2024,1,2025,locked_2025_holdout
052910819cad84ee7bd95ffc01131abfcecb4d418184126b209e739494ab97a4,campaign_052910819cad84ee,1,2025,locked_2025_holdout
86ea6a10ded114c941115d482410ae6404712d48ec3c0046d61ac677b753912b,campaign_033b2e5817f4272d,1,2025,locked_2025_holdout
788fa3a387b5371ce73854a6db02793ed9cfbd7ddb2684caa5c0c3f72a57a739,campaign_788fa3a387b5371c,1,2025,locked_2025_holdout
ea2aa57e72b35ff54cd922f8376342df4265e903e1190577ff897573ee6e1803,campaign_6b0fb4be6b23e30d,1,2025,locked_2025_holdout
829af79ef6750c33859ff77c7372593c45fb42e8b295b50a345fa25a18c0b5db,campaign_0150af908bd14468,1,2024,train
211726dab40ae4d7a435a9cdf0c259ca5d0f80bb64c6d9cead7cba6dcceb7037,campaign_044e2d37ba7f3404,1,2024,train
84cef9b7accbdc6d09b289d55898eadea238ee62a6a412efe718567da63a02b5,campaign_84cef9b7accbdc6d,1,2022,train
2091c9afa2b8cd58d45bc19c2e5607b40510d2ee1a2dfd36500e23e2675472d5,campaign_2091c9afa2b8cd58,1,2025,locked_2025_holdout
255b2ce1745ea09c793d1074272fdbb9ab96e496b47c656b5ed2daef1ca1263c,campaign_255b2ce1745ea09c,1,2025,locked_2025_holdout
ba36c2aed0ad72e001135d3053e5fe5f863754a0c10a59514a5f7701305e8d83,campaign_ba36c2aed0ad72e0,1,2025,locked_2025_holdout
7f4f510e9f62f3fb07cc9609668c9d6a798af2d28520dbbe15940f562a80398c,campaign_7f4f510e9f62f3fb,1,2025,locked_2025_holdout
2ed085ddfd6bb773fe6f4bc546ee2a59e5a849f8cfded1dbf33eb88e681f808d,campaign_2ed085ddfd6bb773,1,2023,train
a3b9c4a1d967e0027c52e1edef6c7881630c700922c8967717f7858a69773371,campaign_071a054e12fccffd,1,2023,train
2f68d4d5a20a4a1ebdf2bfbbec89c37ceefcf6ca97839f804672d1615ef6b3bf,campaign_2f68d4d5a20a4a1e,1,2023,train
87fb9d6aaf3bdb0b96f93081f5136cddba9780c7e7d5d0a3afeed224d655c4b1,campaign_4857c45763fb10a3,1,2024,train
3004d34a4d882480d37b101e5a970d02df2bb63826ccec7cc8259e4df93769f2,campaign_3004d34a4d882480,1,2025,locked_2025_holdout
e254b6099ad17daf96484cc97997bd571d0ca6278a60b8e383858dc997a1aaf9,campaign_e254b6099ad17daf,1,2024,train
f50e21af4682ba30bf1dac2c0348749a7e6af98f5eb41eb006b9f2570b729a4b,campaign_f50e21af4682ba30,1,2024,train
caf5f49ab30000a00b1a8dbf3cd8d5b4a1bed73a4a0bc0c3a73929201ee5625e,campaign_4e338ac46da0e68c,1,2024,train
22360c15a1f695d92aae89b82aed38c18511826106f91e1bbff1b28e509d6d34,campaign_21fd8640b2ed76db,1,2025,locked_2025_holdout
f68d18e28863c397c488d13f570c66ab97dcd545c9de24de4af31c16a9ed2c9e,campaign_f68d18e28863c397,1,2025,locked_2025_holdout
9ed4d7987b28b4de5a286f4e6466e69fb92d10177d3759940cff36fba72e3286,campaign_9986a9161120fa16,1,2025,locked_2025_holdout
ed1ad4a3fe2238a5965b8619e505cf1f7537c814b86921bf533ade0f2a451569,campaign_ed1ad4a3fe2238a5,1,2024,train
6fdf558c370fd28c7544ad281a78dda0c7438fd557429117b748b3efab63ac6a,campaign_09b73d101717db37,1,2025,locked_2025_holdout
23aa6ddcd21236d9f5d49c7b6a9f097fd27571445fa44d9031c89d92423b741a,campaign_23aa6ddcd21236d9,1,2025,locked_2025_holdout
a53c810f5d2a6f51befc7d6135fda4eec6c4348dea47f5e916857b0e6256c710,campaign_a53c810f5d2a6f51,1,2025,locked_2025_holdout
1345a63b3cfbf947a98321f743660e834d6fec8a2269a91ef47f934899cb0528,campaign_1345a63b3cfbf947,1,2024,validation
6110f056dee8f4840c6ef09f91fe7a65273c4bb01e82f27ff1858f0d40194089,campaign_6110f056dee8f484,1,2025,locked_2025_holdout
a0ccafa4074a6e50d6a34ed73d125f0d9b472843b2b8ff41ca0a2b0811597fd0,campaign_a0ccafa4074a6e50,1,2024,train
1159018cc32cbaeed9b86fd99a3664ebde16ccfad923bc2f30caedf279f573dc,campaign_044e2d37ba7f3404,1,2024,train
326148e531397dd2d01b08f8368efdef2a2d5ca9132f20732ad6ff4b47c91241,campaign_326148e531397dd2,1,2025,locked_2025_holdout
25940db66ecd935a16b492c099a84bf82af23332697d3ae13c0e6aea5c54267b,campaign_25940db66ecd935a,1,2025,locked_2025_holdout
eed59fb4135d0c9017192264dee0ae53dddad1868ecdff6f0d648c32e0fabd3b,campaign_06efc21561ef40bb,1,2025,locked_2025_holdout
a1c353e1660ff136ab0a088c339531d7481a00477012f2b458f330f1359b4810,campaign_a1c353e1660ff136,1,2025,locked_2025_holdout
d503f44fcfa5fd75a63386314d5b9cdff1aedbfdf964b4a91dbb37b522b15bc1,campaign_79781debeaafda77,1,2025,locked_2025_holdout
5200b9ad1f48ea15623058d586c297f45ec74d3718fbf5ca0f2652791049bf30,campaign_5200b9ad1f48ea15,1,2024,train
be76f0bf91be5a50ad6e7b6486cdfa83f6997d4dcd05b7d07819a5d009a70d5f,campaign_be76f0bf91be5a50,1,2023,train
071a054e12fccffd3a1cc8fea78ec341d0f553a8d31e678fda44aaece16b1cf1,campaign_071a054e12fccffd,1,,excluded_undated
4670a2464ae9179c74dfd04951cb37d3db9973ecdbfbc91ac5f34bbb11fa3f59,campaign_4670a2464ae9179c,1,2023,train
665d2c5a2a12dedd7f7360cb30cb85dedeb409ea5d836895d3f049249cc18388,campaign_22f16d03bc01b72f,1,2025,locked_2025_holdout
84968e4d2207cdba99fd80b2259b96c1091aed719b8e555facd2e1af0950b125,campaign_0c447646de6adeba,1,2025,locked_2025_holdout
0c447646de6adeba0a871814dfa36483e4539960bae364880c49a3976a880129,campaign_0c447646de6adeba,1,2025,locked_2025_holdout
3b4d712fe3e3a185e3bc9473c4385cf5c87238b5717a40c6863aea7158b3c221,campaign_09b73d101717db37,1,2025,locked_2025_holdout
17244770071b2cd62571ea220c8ffc79a736712956791b73fd184e9acab405c9,campaign_17244770071b2cd6,1,2025,locked_2025_holdout
6d8665207a366551a01e20287dccebd26c7753573795a8a807cdd460586411c5,campaign_6d8665207a366551,1,2024,train
432f1867752c54bb186ad0da1d4abecfd2a07fa3aff47e5b006f3f24c7586e09,campaign_432f1867752c54bb,1,2025,locked_2025_holdout
eac9c668e2a1b7ad3355446734054cf59895d7ee440c4a5cb3a9a121298703d6,campaign_eac9c668e2a1b7ad,1,2023,train
e67b69862352ec2fd4a0bf79a114e5a5bad21095cc7fe48c706f48d9ab73c5ae,campaign_e67b69862352ec2f,1,2025,locked_2025_holdout
be4b6c2f7d58ab9c8e9028a8cc9ee111a07e5a51705e550edfef2c3ac6e4441f,campaign_7b1f43d0ae7bf03b,1,2025,locked_2025_holdout
e581e59a2faa13926dca5189e04d1afebb15c8c3da670738060a031418c11ddd,campaign_e581e59a2faa1392,1,2024,train
044e2d37ba7f34047499a21a5c772878c71ff7a78172ad6813640918aed26ce4,campaign_044e2d37ba7f3404,1,2024,train
13f326f62e5e00dfd9241f2edef6a9f22b1ecd9b1af9cc40e622340a9b25a5a4,campaign_13f326f62e5e00df,1,2023,train
88e8e4cd1cc960411e5fed14372529d43b1d0c4e877e8847ed7be47a41c1e4a0,campaign_88e8e4cd1cc96041,1,2025,locked_2025_holdout
bf99b5804f801a54ccb01861f62dfaf9d74fdb51cc414297b478fe95c0a87ab2,campaign_bf99b5804f801a54,1,2024,validation
5b10f51981b88df2e676baa0c58928aba263f9fbf2d5ea04daebbbef1ad7c433,campaign_5b10f51981b88df2,1,2024,train
076f6065216c88174c6e190d800bc03bbb40bfe725e3b00166def9e5aeecfc16,campaign_06efc21561ef40bb,1,2025,locked_2025_holdout
2e64c87be0f4eefc6ab86b95c13e04da699ab722e6b95ef2f5ae6fb89530ab19,campaign_2e64c87be0f4eefc,1,2025,locked_2025_holdout
e48cad4026a72dfaa02f34cabdeb98727cd611a4718e8d636b26593b4f52919a,campaign_e48cad4026a72dfa,1,2025,locked_2025_holdout
fecaba3e6c3df0f3ed269fedfa299a749c3ccbf353e9f2dfa31bdd2fd90947e8,campaign_fecaba3e6c3df0f3,1,2023,validation
60f64ddb3cdf580dc0419b7e9b145faa02ff2db2c335917bbd413fd0f9ceb9bf,campaign_60f64ddb3cdf580d,1,2025,locked_2025_holdout
270f701d4aa6b7362ad61886f871145bf9452a4c0f3dd3e4110bf58b8525353f,campaign_033b2e5817f4272d,1,2025,locked_2025_holdout
3bc2f48313ab16c551fdeac8b7eecfd562e429192364d3baa9f598a4449858a0,campaign_3bc2f48313ab16c5,1,2024,train
b8943bcc97e7a29b650f0df3b9c54bb6414de494e1763114c3a5d7767c8cd45d,campaign_b2867475cd567faa,1,2024,train
0cf5e14864aaf8f8ed5e49921717bade4663e5096ef9a551f3ac32657d1f6306,campaign_033b2e5817f4272d,1,2025,locked_2025_holdout
87703adf52a181b1097e17b342a6b0f23d1dce91de328474be9ce5c9eb1aac21,campaign_87703adf52a181b1,1,2025,locked_2025_holdout
0d484c0bc0f76204d124b9dffd449e99187f9cb00307f697bd22db9a894c5e83,campaign_0150af908bd14468,1,2024,train
697edf9492585678741bb22b7dcbbb87a93268efd984f2bc04def93d408c44e0,campaign_697edf9492585678,1,,excluded_undated
4081870198cf8fb403866432d42d1d41436501759a70ac18fe413c4287516dc8,campaign_4081870198cf8fb4,1,2025,locked_2025_holdout
77b9b05178a73b9ba0b826bd896362f53cf83ef4cb2184d30e139778afe5114f,campaign_77b9b05178a73b9b,1,2025,locked_2025_holdout
d1445fe54e78d73111e23806e0da49d59f6dd7452ad055cc4614d630fc81a3e4,campaign_d1445fe54e78d731,1,2023,train
db8cb803c01513a79f9820dd206742c70623b497497247dbb277a8536b7fc048,campaign_db8cb803c01513a7,1,,excluded_undated
ddc78ec0647150b3f7bd27f5ac0dd9ffa562da4807a47d2c239e68ca787a6e77,campaign_044e2d37ba7f3404,1,2024,train
bf3a0e29df7c23bb0cfb0c578bf5b2648fb5c93bd92436afe174000fcb190acd,campaign_071a054e12fccffd,1,2023,train
662b47a2e5cb0bfb999c09810bc44d2a57157c237fea17fbfdea907a44ad05b2,campaign_044e2d37ba7f3404,1,2024,train
eee1e3227fce75028934078f09307154a661e6ed165500dbb1251387c9c5649a,campaign_eee1e3227fce7502,1,2023,train
3d73e8981ba23727bdea1baa95d107222b860c64ffd1f72daab13645008d1532,campaign_3d73e8981ba23727,1,2025,locked_2025_holdout
829c4c21be87b2e1e7ed5695a3db8f9d407826ca9a97a4194afc34cf5cf86a2d,campaign_829c4c21be87b2e1,1,2025,locked_2025_holdout
01668dc6f23d309502ca5a086603ae316ee325e5f484001c322b05f352f7a982,campaign_01668dc6f23d3095,1,2025,locked_2025_holdout
1be4152f0d8a75032e9bcc5dffaf067f5679eef24c7b8418e2c397070515f77b,campaign_1be4152f0d8a7503,1,2023,train
359b6e99af1efeee02e8a46ae338a652eab5d624a1b8efadc430b3b3e5fe4a91,campaign_19399fe42379d9c6,1,2025,locked_2025_holdout
82629f3c320e74c01e80822fce91d03bbab4414a708958ae62a383774951495f,campaign_4857c45763fb10a3,1,2024,train
ba41dcb591f822e0ba50fbb7ef2e257267be5da71f9581b24a2e0b9d6aad5ee9,campaign_071a054e12fccffd,1,,excluded_undated
85ea7f4b594f462d1fceeeba0e1ef846a232f2890c15c6691a5f63f5a9bce633,campaign_0150af908bd14468,1,2024,train
4857c45763fb10a3cffd4d0a136bd2b493d5b1355f4ce95b0c7d57302a4f4df2,campaign_4857c45763fb10a3,1,2024,train
a3a9f536fd1698da56bb2a4a50d83ccfe0f9ff764f1316286aaaaec593770432,campaign_a3a9f536fd1698da,1,2025,locked_2025_holdout
affa43acdcaa8390ca75284f0ac86baebab825992ea46325d5c4f91983381a49,campaign_affa43acdcaa8390,1,2024,train
cc26cd5ebb81a0174ec96ca68309890b4b1e7e1443a617413aa8b53a36939706,campaign_033b2e5817f4272d,1,2025,locked_2025_holdout
d6e82524b22544ce737dc574b3d9bd49ce4dea29c5db0fab1d8bee3b298ee415,campaign_d6e82524b22544ce,1,2024,train
4e338ac46da0e68c1c470826c63d32fbf5f83f3122291bf2f3df8ebcc9b86f9a,campaign_4e338ac46da0e68c,1,2024,train
e6c13ff59bcad466dd13fd270a6b932b37790828122c1e2e98b7ddd40b356a7e,campaign_4e338ac46da0e68c,1,2024,train
cc28351bffe24b9d220aaf183f60ec27c463bc80a5cbcd1c0698dc4c182b09ac,campaign_cc28351bffe24b9d,1,2025,locked_2025_holdout
0ba496a9b590a16663b3504fc7e0b0f465befbe10df3393719e0f7f86bbcd6cc,campaign_0ba496a9b590a166,1,2024,train
3384665ad817110b0efd5e95fbd376f28db26f054ba88ba2676305e3346ff11c,campaign_033b2e5817f4272d,1,2025,locked_2025_holdout
b50a7b96ffb01941adc2cb77e0ba78cd28891091c6c7d5a495a9fffbbe2d40c4,campaign_32e1678466f97b57,1,2025,locked_2025_holdout
32c903bbf5a82fa9f8c1ef0a682393ca2bdf2df1b8aaa7c634ae1cab91a0f076,campaign_32c903bbf5a82fa9,1,2025,locked_2025_holdout
2200f9920496bb90d5ffeefccc62725bd51192d978eed87cda1fc0c75b5bd067,campaign_0b8f004d5c603894,1,2025,locked_2025_holdout
878de794639b868288e0031f8901f4f309e0ea3fc00ea8d2c79e1ec429f3e666,campaign_697edf9492585678,1,,excluded_undated
3ca197c6c5d2cedabea3075fd6dbec068c7adead871e117b462791fdc7ed0675,campaign_033b2e5817f4272d,1,2025,locked_2025_holdout
2315b4136a9a53f133571b3070216e9656d690f98c2e4ddc91aa9070a424428b,campaign_2315b4136a9a53f1,1,2025,locked_2025_holdout
6c1362ea306715698026fc8619d34fe5e5f9ce3db6a112126fa94683bf9e2a03,campaign_6c1362ea30671569,1,2025,locked_2025_holdout
2c8ea9856c6281be39675d1c647e431eff893122699a55fc3e9881eee3d0fb3a,campaign_2c8ea9856c6281be,1,2025,locked_2025_holdout
150926df76e782a4416051f5c31d47b4d994341c084ec36074506ebb6814f767,campaign_09b73d101717db37,1,2025,locked_2025_holdout
350c442fbfa4002cefdc6ef4744481592578dbc34a967955f3ea2728ac14e539,campaign_350c442fbfa4002c,1,2024,train
b0ddb1b4871753c71378592983c9dc562f879eab87745d1c57980c337ee0bb5b,campaign_b0ddb1b4871753c7,1,2021,train
9c67b1dc576141c237293516f154d67a3c092508978e742daa560c788fca6d5a,campaign_9c67b1dc576141c2,1,2025,locked_2025_holdout
eeb13a4c2c6162645e0b1ecb941aed7ed11aad8c8249c3e1eb44d8df182f6612,campaign_033b2e5817f4272d,1,2025,locked_2025_holdout
a9f7bab5b77592411d642427630f79fb9deeb14d3245a64f6d3462c88674f885,campaign_09b73d101717db37,1,2025,locked_2025_holdout
7b1f43d0ae7bf03bdc8ef65edc2481ca67a8ecbbe67dbd00efb84abfb651ffe3,campaign_7b1f43d0ae7bf03b,1,2025,locked_2025_holdout
163936c40fc74cf2c1497c27c5eed152939a5620abd502fa048a91f7a1dfd874,campaign_044e2d37ba7f3404,1,2024,train
591bab462155af14c41a11fd2d0eb6ad4e7d277e2a2d8ef4623761437d18e701,campaign_19c57d7b72f740fc,1,2025,locked_2025_holdout
3f7042ef4c5f5f55b61faabc0fe5e5a92ef90ce28ab3ac4b18bb9161c7fb7ced,campaign_3f7042ef4c5f5f55,1,2025,locked_2025_holdout
919388626f76334cebc77ee78bbba6c60674e64d6e2122c1ffbd15cc41dee7de,campaign_06efc21561ef40bb,1,2025,locked_2025_holdout
38160d3f2e00152e5d51be6d5862c034321ee5a08abc6acdf4b961655e5cf780,campaign_38160d3f2e00152e,1,2023,validation
3665252f4455812dbe179655e8a3b6fd1388d8cfeccebeef2dfcc60dd448c7b7,campaign_3665252f4455812d,1,2025,locked_2025_holdout
eb909531b3d3d95988189f3c25670a2a9894d72b8a45acb37fb01d079b09e276,campaign_eb909531b3d3d959,1,2023,train
89f43e338bfcd616043bfa804234e5ee45b34ec9d8fe4a7638ad4014efeecf56,campaign_89f43e338bfcd616,1,,excluded_undated
5e2578ae9f5fbb0a2987a068514a411b8fee96bb2d069af383d2f54b4cf699ff,campaign_25940db66ecd935a,1,2025,locked_2025_holdout
609881f83ce85ea56218580d21d9432eceb482d4a630918ab7a34202587c949a,campaign_609881f83ce85ea5,1,2024,train
c23d0d0ee6cd9c550eafdbe33cef933f5dc6a8b3dbcbe5b248150bd1889e8392,campaign_c23d0d0ee6cd9c55,1,2025,locked_2025_holdout
3e8d1ad9ba744a25a79de10c84f0a10798b0f80e1a72aa3b9a942fcde4646508,campaign_25940db66ecd935a,1,2025,locked_2025_holdout
f3a303c68cf414e3a747a8c6fba884e466bd26705b0a87d19734e39939495a43,campaign_f3a303c68cf414e3,1,2021,validation
7d4d2eccbfef2d5e676ad13aea11f38851dc0dc5872c73aefaf10c8550cfbb77,campaign_7d4d2eccbfef2d5e,1,2025,locked_2025_holdout
88e8ac972f7edd6a4627d86d4ea90ae71e20ed318dfc096a20b46a0d28884fca,campaign_41ffbf30c747c2dc,1,2024,validation
009c5dc058564264cd4af47b6e09f45dc08c1a4c9a5b7e8ae61bf269105ee97e,campaign_009c5dc058564264,1,2025,locked_2025_holdout
c0c4210c073baaa67eb65de294f43cb9b05a6b41d397ef27714fb165f9f9e7ff,campaign_c0c4210c073baaa6,1,2025,locked_2025_holdout
2de3a4995989d34df19beaa4ca547b67a51a4beacac3982d1319e763b20060d4,campaign_2de3a4995989d34d,1,2025,locked_2025_holdout
f5f9387ea37d10befc8891e23523241e3839604a5ec24e160d9ed7c95726f692,campaign_f5f9387ea37d10be,1,2024,validation
bfdcd838ebcea05a3d1122df7c69ef02490121c24dbded2f96d28f678a026711,campaign_bfdcd838ebcea05a,1,2021,train
817149abae8d7b5c329efb24c235eb3f4bd3a95dbff5eb56bd710c96ff5c8a22,campaign_817149abae8d7b5c,1,2023,train
12926f805f9faae88eb7a929504fc16f4fc28325a16c1687cbde06e49ba00e27,campaign_12926f805f9faae8,1,2023,train
4cc10fefc356385f412dff389c6dbcee0df5f0e9ecbee87188fa25e95a6f986e,campaign_4cc10fefc356385f,1,2024,validation
12087bc0be06f232edfe7a0ce59f94e33a5e5191416c5f271fa2ce397d9bd7fb,campaign_12087bc0be06f232,1,2021,train
40e5aefb8a32d9ef0ad2141a7e694505a5ffa47435f313465fb2463be29b8075,campaign_40e5aefb8a32d9ef,1,2024,train
a2041ba123abcda92a33a884d070cb08d58a54353d280485ad3c72b8fc4ded27,campaign_350c442fbfa4002c,1,2024,train
4e2aa531ef0ba9b70d5066fb3f76de2a67713274a2bf3f844dc54c85a00b8c72,campaign_19c57d7b72f740fc,1,2025,locked_2025_holdout
6068ccb1b0687ecd78eb41a8325480fd016a79fef5003e10daee261a2ecb103d,campaign_009c5dc058564264,1,2025,locked_2025_holdout
d1fe53ab9774ce05dd1e73a293667877fb6e99c7e3a5f7c069aec97938c8ce89,campaign_d1fe53ab9774ce05,1,2025,locked_2025_holdout
7a41a5c1cde4e6485f584fa17350f900490ce28d2d9ff7193a8778b2725c2ec7,campaign_7a41a5c1cde4e648,1,2025,locked_2025_holdout
0e679b82f3e0eda63a6bd36a260cd4188cb8bd329a74f31e6c32bac7a683d51b,campaign_0e679b82f3e0eda6,1,2024,train
d15f8968617c2aa0dc219c59a0195936e1ba82db5dff42cc4222dc0a6fa55a1c,campaign_c172762960891c44,1,2023,train
10581101c262a734608e313eec8e1ecc86d7e7c3abd9ef695dfea98a369417fd,campaign_10581101c262a734,1,2025,locked_2025_holdout
245168cf7938673505a5d89f363b52e655613ad0f7b5378c29fe54cd88d15ec4,campaign_245168cf79386735,1,2025,locked_2025_holdout
cb0b2228f7e70fc1da6ef6636f6eb9b05134396e37466fcdc5175129dee4fa73,campaign_009c5dc058564264,1,2025,locked_2025_holdout
5fc778fff3fe2155e28a72820cc91fb7f08e01e1adab475812ed3c7254104d45,campaign_09b73d101717db37,1,2025,locked_2025_holdout
c28930f96700c6272978e8a1c0b3696b20b1f8d5b2d0e007e6017e3fe656de9b,campaign_c28930f96700c627,1,2025,locked_2025_holdout
52ee18cb3fea539bd3ab0228c05ef8a357a02ef002dfb7524e3313dbad11bb2c,campaign_52ee18cb3fea539b,1,2024,train
c9806d5f6868a1ab4eb6f30a51556af960f22a86b0f91f5ae989d7a2ed8f962d,campaign_c9806d5f6868a1ab,1,2025,locked_2025_holdout
52fe7f5699fa0abe8e4bcfa3d623130c08db0a7ca356e6d705f788399060b40a,campaign_071a054e12fccffd,1,,excluded_undated
ee06cb0c8dc3ffc3a131d1b405f53075a096a01c79d69835503a499e38373705,campaign_2a6064cf109129e4,1,2024,validation
da41326061769f5ea8699ba0e593797add4c66a2507c2d168fb0642019719749,campaign_da41326061769f5e,1,2025,locked_2025_holdout
98e3b3bfcdcb7731d89c10de8d1d1dec3756e8932697383d73a29da63f9b64fe,campaign_12087bc0be06f232,1,2021,train
a16204cf5760a7e845bb9ba42e245e430b34e98c6c7f5fbfd8b3e6d6904630c7,campaign_a16204cf5760a7e8,1,2024,train
4cd3e7ff8244cbbd973cb14b7aa28b2bf49ae8671af4797daef737e497ed4a51,campaign_4cd3e7ff8244cbbd,1,2025,locked_2025_holdout
423eb058ae0c7377070d270da8bfa9d0b4a813b96ee776ed4260c798650e1d4b,campaign_423eb058ae0c7377,1,2024,train
e0a29da3acc53f7d51464887864dbe22e49716a18218507f35a3a9eab9c09928,campaign_044e2d37ba7f3404,1,2024,train
1af89e1b357e2eefeaeb7f989c4fd604cdead966bd29008cd63ccbeccecbc42c,campaign_1af89e1b357e2eef,1,2024,validation
52174444d2f7834e4dbbad1700a7ffe2fa6be1a387d0056aa2123211b7f8421e,campaign_52174444d2f7834e,1,2025,locked_2025_holdout
07eff3869743698ea2e765a7699fd781ca96a8e892e7c712a267ebb5840857eb,campaign_033b2e5817f4272d,1,2025,locked_2025_holdout
9d323918a0900989b520588fc8a16c67d118cd7e8b4643857a055eac8c55bc18,campaign_9d323918a0900989,1,2025,locked_2025_holdout
9a30badc2ce1f5bca84e42dc77781f71c636c9fbebb80ba82f935f941a80bc50,campaign_9a30badc2ce1f5bc,1,2024,validation
9fd5732b4925f6cf2b84643516ba164983e4cd21ddb0b757f9a8d2754547ec83,campaign_9fd5732b4925f6cf,1,2023,validation
fbe17823242770ee1e5631b26678feaa1cc395e422ef1b502255c207334108df,campaign_044e2d37ba7f3404,1,2024,train
f7c62c87306c995923b5e43d9e3d1296e5441374560509d308172e11919c6620,campaign_033b2e5817f4272d,1,2025,locked_2025_holdout
8e768df0c6899dad1bb9b971043d86e2ec51c895baf16e1f090300c5a7cac399,campaign_071a054e12fccffd,1,,excluded_undated
7de105abc5d1cd9d0659204bccc274eb74c411932ba3f39145e6bee54c79740e,campaign_10e54fbf4357c533,1,2024,train
7becf922567630d98a9a9d4093bcfc6a7f02f587e690014c8add7f879a894d17,campaign_7becf922567630d9,1,2025,locked_2025_holdout
1e585537af95e1dcf6e792f1918600d59c4400894b24af3fd6866e9a0e3d2957,campaign_071a054e12fccffd,1,2023,train
392ec3a49c09ae8d5ac473825a3563e71ed49eaf067bc2aada89fb05d2b4c7f8,campaign_044e2d37ba7f3404,1,2024,train
0dd5e02ce84a953e89778b0634ccc5b9426758abbdc50a66ecaf54bbd2cc86d7,campaign_009c5dc058564264,1,2025,locked_2025_holdout
a5ccfdafda2cd5318ef4caaf587917240f175183e51a0e863aacf353246029b8,campaign_a5ccfdafda2cd531,1,2022,train
cb1f7fcc2635840df7e81be0f0e6d99807e9724d61ab626bfe17d21056af8803,campaign_033b2e5817f4272d,1,2025,locked_2025_holdout
3a51dcd750716660ef6d1603343eff1a5fe8c80244b792f862f709d473bfa49b,campaign_3a51dcd750716660,1,2025,locked_2025_holdout
c0de2a39c02aae0288da546d78c77a63d8b95600ab36f6f55569bcdc759f2d10,campaign_c0de2a39c02aae02,1,2025,locked_2025_holdout
41a884ac60276cfb74ee01a02762a194cdc269b3d59cf9d0fac156ecab981bfb,campaign_044e2d37ba7f3404,1,2024,train
09737f7b064acf0c78de0fde4a52d7adaa14cea2f8bba7a72a5910c0b6aaa88e,campaign_09737f7b064acf0c,1,2025,locked_2025_holdout
85b1ea855ff042f77564adb87a80376150c9060d63f319fbfbea452f3536a901,campaign_0150af908bd14468,1,2024,train
951d7c92882d0c7f94ae55ed10391a199ad4f21018f0a96843edef5accefed77,campaign_09b73d101717db37,1,2025,locked_2025_holdout
1f48381516ec290da1f4976256453c5301f2315ebf4b34e93c73a7e424f9b9de,campaign_06efc21561ef40bb,1,2025,locked_2025_holdout
aa477035ab77409735f11d21e55c65042388c0fea845f27e07771c962194aef2,campaign_aa477035ab774097,1,,excluded_undated
55a2879feb87f1185a20fd2cf614665ec40269df1a10ab5cc8b27856221dbb14,campaign_55a2879feb87f118,1,2021,train
60e96c6aedd5351016d15f64ba3c343ed0c140e7f86bfd7dbe020d35bbee62e3,campaign_12c10bf91d62771b,1,2025,locked_2025_holdout
87d70426247eb7a244e64768951d0c21f4f43db89227a752f0b07029909c2ef3,campaign_0c52e5b6f7e6ecfd,1,2025,locked_2025_holdout
dba820c1aa7d0461146e7c314e3629e41f6554aeb70d041775a46819d44b280f,campaign_dba820c1aa7d0461,1,2024,train
6b23b60f431d008e2283435f5cc2ab7766a85e03d0ea334ee546a822f6d86ab1,campaign_6b23b60f431d008e,1,2025,locked_2025_holdout
2d37e9dc867ea3a66cddf11241b555bbbeb57756a61835ed4a006c9d53423423,campaign_2d37e9dc867ea3a6,1,2025,locked_2025_holdout
182d803160f2d76912495ff7d4716c507163a66a485f6802b0e1c2c62fa2584b,campaign_182d803160f2d769,1,2025,locked_2025_holdout
1d0493d871ce402f8ca90b4582a26910572622bc15f353fe841f64a765331714,campaign_1d0493d871ce402f,1,2022,train
f5879f2cd1e284da1896fa18d9d8a1f7d614448592398728ea170c2479d5ac09,campaign_f5879f2cd1e284da,1,2025,locked_2025_holdout
c77825bbea79460f3a5fef49949bed95964b2c4363c8af55472e027702f7cc57,campaign_10e54fbf4357c533,1,2024,train
2925e1f7748738cafa8d80156f65b496989302f1a25e6d75a027ca864a36d30f,campaign_2925e1f7748738ca,1,2021,validation
c030b645bc4fd4f6f1de899541ea54152adc5c4410cd5eb5113cd7c502c3d5b9,campaign_09b73d101717db37,1,2025,locked_2025_holdout
6d54b95e1d19e17178948c4e72dd01f81f9bc0ad9108eaed2a0d1f7408fa7528,campaign_6d54b95e1d19e171,1,2024,train
0fc8ddacd5683bafc58c44d96471ae248ac6ee613b5d537f7f5988bb9fd39a06,campaign_0fc8ddacd5683baf,1,2023,train
ebf8fbaf5a173ae167233d45d491da08a0728649c6d8790c37065e26727c974a,campaign_071a054e12fccffd,1,,excluded_undated
203c14ac2fcb475da708c0144f95b5003211f07c81918ca9ff029e8089713928,campaign_033b2e5817f4272d,1,2025,locked_2025_holdout
d4d4a18a56b12a10d18fbf9d771d429ddc7913ec576478a405d630db44ef1e44,campaign_d4d4a18a56b12a10,1,,excluded_undated
324d27a4c9f4dec8197aeb42079b4bab4371e21ed5215fccb9ffff1edf573c6a,campaign_071a054e12fccffd,1,,excluded_undated
e611da2ad45b63f64825cb856234aed39f304f5143273aac0844db4e1444fad2,campaign_e611da2ad45b63f6,1,2025,locked_2025_holdout
3a3831fa814c950c133af16a6b98284b66190771ec36bee5c15abbfa1fa6945d,campaign_3a3831fa814c950c,1,2025,locked_2025_holdout
f45e5f4d8f63d2793d2caf2a33ec3a81bea04c2e179f6e161447c55345782664,campaign_13f326f62e5e00df,1,2023,train
482d6849e41569775152271e25ed7a5c3e58ee3ef6ccf147cf22c242511db714,campaign_482d6849e4156977,1,2024,validation
1a3d3aa0ace7288bcb44472511b29c7ddeb2312749f3c9a242d382bb412ad186,campaign_1a3d3aa0ace7288b,1,2025,locked_2025_holdout
a930e71e2e8252b52dd8456ab4e46f299d99f3fa1c307a86edc2d94456027b32,campaign_033b2e5817f4272d,1,2025,locked_2025_holdout
e98dd7af9438b580576e37cbd3fd8e8a5ca291d117a04ba12ce5e3851bff79d0,campaign_06efc21561ef40bb,1,2025,locked_2025_holdout
282b6268640c436e28633c52530b591bcd018de97f33208627cd57bc5481f5fd,campaign_044e2d37ba7f3404,1,2024,train
501a5523c69faeb244c59f145905793835d948e4e33ccdc4d5e6dca1383f4e13,campaign_044e2d37ba7f3404,1,2024,train
f80018ab291907da30ce2a86122eabb0b7a2cdbc030ebc7948cbbc64d88216d4,campaign_f80018ab291907da,1,2022,train
fc801c2634e70faa2827304e34fa6871c20cd3e516fee551d5f93c2782a606f6,campaign_10e54fbf4357c533,1,2024,train
0de79395b27b8f9df5218df1c4b08aa1a5de7b905345c011ce7fbe8039d96b9a,campaign_0de79395b27b8f9d,1,2025,locked_2025_holdout
4127f1a254f2b377cace4d4d3c6f287cc23d2476cb28e800373f04d967ea70ff,campaign_044e2d37ba7f3404,1,2024,train
67699e77fe6b14f166ea951b52abbc09f29faef64de51b6376c7b4cb1441bc49,campaign_0150af908bd14468,1,2024,train
562ce5602b21af29060ff13776fdd3cb5f99fcf1165d743d1b1333c4600156b6,campaign_562ce5602b21af29,1,2025,locked_2025_holdout
830b25b731ee542b0e7dba73ab2183da2fc11668d5724fc94bd8856c930fc183,campaign_830b25b731ee542b,1,2022,train
11f436a0fb91fc2b1486633f895da71a43a39689a8e67e0bb1fc7b3f1526813c,campaign_10e54fbf4357c533,1,2024,train
d6258f3880b5de5d68c75d981c7cfd45991c090e283179a335aafa2d61416255,campaign_350c442fbfa4002c,1,2024,train
8062dc3f5d83c24dfcbf347b7f08e3a2f4e377c42473a6fb8a0726da3026e45f,campaign_033b2e5817f4272d,1,2025,locked_2025_holdout
e7d5c99d2f0e901dfc6d5e50ed09346e301c8ecec51eaf69e81c3c64a7ba3439,campaign_87703adf52a181b1,1,2025,locked_2025_holdout
5f9f1690f416473c6a37a99ebead90c51ec55ac29d1e6d1835afee1b20e6a3a3,campaign_033b2e5817f4272d,1,2025,locked_2025_holdout
873d55775727d2f51dd645faa488fb0268f1a4227f4739bdb7701a691fbffd3d,campaign_044e2d37ba7f3404,1,2024,train
218792029aa174d1cf11f33863a0ff47640ef84e7a4fe3369e428c3890ec4c2b,campaign_033b2e5817f4272d,1,2025,locked_2025_holdout
ad2fc822b16c113f0aba32e9751025b8b15e1d8bd0f0a017c8bd1816a427e4ca,campaign_ad2fc822b16c113f,1,2025,locked_2025_holdout
3721b71ba7eefd7bc654a51089ea77860969ac8fad600a8d3bfa8e206c5178ae,campaign_009c5dc058564264,1,2025,locked_2025_holdout
c0a3982a5b1bf29a7fa9fc01f85f149f9c292d927af08874e3a028633b15a83e,campaign_c0a3982a5b1bf29a,1,2024,train
7e9e01b622dfa6508ed18d175e04bfddf4d459ccc3b93a088e0f256c88cdc76f,campaign_336298d7d19c5bbd,1,2025,locked_2025_holdout
6ff762200b03343d80376dfccc60ffd5b2d703180b5b1941cf3ffafe5e8f1178,campaign_6ff762200b03343d,1,2025,locked_2025_holdout
7315f11d330958fb24df593b1ae37b429d52f42b778c55cbfc10eeb954d71078,campaign_7315f11d330958fb,1,2025,locked_2025_holdout
fedcbf775f5670f314af23b0d051999ef266aeb4b5b1a8678c5d183fca1f6cd5,campaign_12c10bf91d62771b,1,2025,locked_2025_holdout
4fafa82535855cf7cc83b0722cb39ed015df866a12240f97949319f71f94a50a,campaign_41ffbf30c747c2dc,1,2024,validation
be621b7b77d8777555f966a3d4fa48cdc35fda9aad9eb54fafc1e49ae4e6b399,campaign_be621b7b77d87775,1,2025,locked_2025_holdout
2f76be156429cce5df1910af0cf581d290ced6657e9628699aa1dae7a163e577,campaign_06efc21561ef40bb,1,2025,locked_2025_holdout
f7a8365d7277d8840bfd9e125d1f2af5c4ade09b9c8498d64b8c01e115f9d4d8,campaign_044e2d37ba7f3404,1,2024,train
4bc278f400e56f787f3cac1e53206f2cbfa066dd7a6bac4977347ff846fc343d,campaign_4bc278f400e56f78,1,2023,train
da2df3e8bd5cfc9eeb8f76600feb7706353158c4adad221fe122688ed7f4e539,campaign_da2df3e8bd5cfc9e,1,2021,train
b8d20272f76ba6a285f7afd1a1b8822e0f9120a917fbef621518ef553ff974c3,campaign_049474f07ba5a33e,1,2024,validation
10e54fbf4357c53321e3ec673e5b8ccf5c34731bcc356582989d5c17d5f04146,campaign_10e54fbf4357c533,1,2024,train
553530a8f76158a6d43c84dc1be475957678c956201fa2d3c00d81537aa42f49,campaign_553530a8f76158a6,1,2025,locked_2025_holdout
70e34a009947d1e4b55da03d546b67c14cdeb6a87e5279b3527c92978d6ba7c4,campaign_70e34a009947d1e4,1,2024,train
6f760effa299884e4b27a5a3236b04d1eff7ffb2b3f35f8ca44e26a399efcf68,campaign_6f760effa299884e,1,2025,locked_2025_holdout
2165319ed29c1ad08a8e0d8fd24159d5d9df5b15034337c7c0a736d43e277bb3,campaign_06efc21561ef40bb,1,2025,locked_2025_holdout
f52a868fc6c499e5876d7d3694b521a0b04dc5ba27ac9240ee1b7201d5424b01,campaign_d9e537e58794cd4a,1,2025,locked_2025_holdout
176be7126bf82de7c94e54279e3d885e5ceaefa240db4854a9b407ae4d3a78ad,campaign_176be7126bf82de7,1,2024,train
20cdffbda9145b8d7c88ab5b81ec3adf65b5efc3b29fbcae5fc23d3582734185,campaign_052910819cad84ee,1,2025,locked_2025_holdout
c53af7deca57ec7718acdf6f930bbff252dfc2cff7f218b1f2718378d3184c96,campaign_033b2e5817f4272d,1,2025,locked_2025_holdout
d90812779cc0cf2f89eb6ccd2b89210e5a9d597270337946412ae17e4560d7b1,campaign_0150af908bd14468,1,2024,train
033b2e5817f4272df55584437282eed2aaf71a6526c48c6cd7ab63ea3cbadbbd,campaign_033b2e5817f4272d,1,2025,locked_2025_holdout
a01646b55794b86a5300e69fa7ed5a1b8d2832ae3b34d3fcddac919b43e257b0,campaign_88e8e4cd1cc96041,1,2025,locked_2025_holdout
369ba8315ded7bd6ea61d6975609894f6e227aa1554769b81ae9d4b00b95da04,campaign_04d73ba5c991edec,1,2025,locked_2025_holdout
f9b1c92f6292326827b3d4f6c1bbfbdf1f3e62affb9f91ec3a3e21c463fb8e8b,campaign_044e2d37ba7f3404,1,2024,train
e0345cc83011dae4a04598315533a3d66f0f40538a2df7012256513f9e67f701,campaign_e0345cc83011dae4,1,2024,train
7a4a2cd9b34044360394f152ad9073ba269009858900cc8d32feddc6ddc31a1c,campaign_182d803160f2d769,1,2025,locked_2025_holdout
97947600baf53b5e338f98d046a6d90ca307acfed11645b98e6dc45be7836d14,campaign_97947600baf53b5e,1,2025,locked_2025_holdout
f6787b8daabab7fe1f8ced1f640ac5952474416816c7ec89da084dcfee556391,campaign_f6787b8daabab7fe,1,2021,train
3ddf12764855c785ccf12af38c440f8d444b7954ddd245150c81c08a909105c3,campaign_3ddf12764855c785,1,2025,locked_2025_holdout
8ee5ac433ea6e85ba330995120c482378b76348a31438424415e01ca2c97e4af,campaign_8ee5ac433ea6e85b,1,2023,train
55152b14d8ae4bb21b6f9439e007cd6c983a50263a36000b6f7325b0181c4092,campaign_55152b14d8ae4bb2,1,2025,locked_2025_holdout
4b6f363a44554449e1fe5e18aa1b7e0b67572141a06f6c584960c97fee880e80,campaign_4b6f363a44554449,1,2023,train
d30742047f5eff6409801d222982d410b354577e387150b1a588ac03439975cf,campaign_071a054e12fccffd,1,,excluded_undated
8a7fa7334235ef56b8d658bb150a8153c309fd3baa2eabb0bb725392fd3c2388,campaign_8a7fa7334235ef56,1,2023,train
3e10710d2091903a0180cfef1188df361730939c4d61c2dce6abaaaa332f7371,campaign_3e10710d2091903a,1,2024,validation
9fa87ca443183d7e8e3e8ee11413b956a6b0d0ff19a3e011b204de1490df7f71,campaign_9fa87ca443183d7e,1,2025,locked_2025_holdout
3ec14a6b68a19fe145477a53aaf6c97a3bfb1ba587c0fb65fba728b307b612a7,campaign_044e2d37ba7f3404,1,2024,train
08dfcbb1a2f79a1736a69cb6d4498de48049d6234c1565261d538c1a8931f54d,campaign_009c5dc058564264,1,2025,locked_2025_holdout
7e2db86e71dbe68a9a84291cca4f6972b96f49d036bf4130b4c434cf14e02a0c,campaign_7e2db86e71dbe68a,1,2025,locked_2025_holdout
e52dbb41d8ac37a0e568da1a8cf48e2b55c887912c3b368eb4af4924373bac8a,campaign_e52dbb41d8ac37a0,1,2025,locked_2025_holdout
0990b2971e979f5cfc170650e60c5e783f8b882b339e3b0f2ab58488939b2157,campaign_044e2d37ba7f3404,1,2024,train
5b8b09ec35c09967c951bef42132d4bfee86094414a234f9c334ad66ef6a1880,campaign_5b8b09ec35c09967,1,2024,train
5cbb43202f27ccb0dac13cda39b7a494b9dc6e04c66201dfe94a52be2b17dacd,campaign_5cbb43202f27ccb0,1,,excluded_undated
d9e537e58794cd4a9387de952b4c2549e5f2d04e55670bbd026847c06620c2c4,campaign_d9e537e58794cd4a,1,2025,locked_2025_holdout
2ae66921a20c97a1ea10a8b97b2bae83929062ead29ac73d795dfcca5cbb38b7,campaign_2ae66921a20c97a1,1,2024,train
a2b65a36f9817bd5948de49bab1d346a6187781d8f16382ca102e0a25c29244f,campaign_a2b65a36f9817bd5,1,2025,locked_2025_holdout
7fcf45c9193075b598688555fe889ff94687575c999188c221aadd75b8c27886,campaign_77b9b05178a73b9b,1,2025,locked_2025_holdout
b0d10f341762658492050aaab5dfe58853781fe04c12114c220dda80cff2617c,campaign_b0d10f3417626584,1,2025,locked_2025_holdout
c121ee79d479f36e576a518e94bd559e40ceae95b9ecf05a2248c6284d28e49a,campaign_c121ee79d479f36e,1,2025,locked_2025_holdout
d0ef068787bb95fc10bbfe47a73a9c431acb3042cff491417c749974b1835265,campaign_d0ef068787bb95fc,1,2025,locked_2025_holdout
7045ee9a8a72c0a0aefb8ac7505f682fd2101026a3b6e19e6df2815bac75a3fa,campaign_7045ee9a8a72c0a0,1,2025,locked_2025_holdout
0cbcd0d84388b4c68dc27b5fb90a6d5332de57284a14e4291403cbe90a8fe6e8,campaign_0cbcd0d84388b4c6,1,2025,locked_2025_holdout
b96b0ff282c96228487b775ef3a5d1ee57a3c1bb3e0f48bfc72a8caba37c6262,campaign_06efc21561ef40bb,1,2025,locked_2025_holdout
0011e12bc1db64f3bb564ee82997ef66e859c0fe5a45f6e6d4c0b24022a5391a,campaign_0011e12bc1db64f3,1,2023,validation
28fac7a6e12836151cc0fd9aa61479b57ce8bbda40d16f4dc5b78b337112c9b2,campaign_06efc21561ef40bb,1,2025,locked_2025_holdout
43a60f136d7fcf72c14ece48397503d10a9a78b5454097e9b4d6a71e0e04c7c5,campaign_044e2d37ba7f3404,1,2024,train
216ef9e4c0ca5b6e454ad7d6ffd9b29a06f6385c20f013e9a3dddad4cd4ba7aa,campaign_216ef9e4c0ca5b6e,1,2021,train
988513ee3806f621221fa404d2ba371c5d92cf0604102e423e10175a5c918126,campaign_044e2d37ba7f3404,1,2024,train
ecf259ab62dadfdf03bf3023a61f89184eae5f9cb04674b405b5f90c207cd8c4,campaign_ecf259ab62dadfdf,1,2022,validation
8eca9c525447197e0169fe1bf8ff5b51898ca8b1d732b7e2e8d08f679fb8bacd,campaign_009c5dc058564264,1,2025,locked_2025_holdout
94de36d78359f2ae3b82d17f7753a402080d8b0ba5ffc235a0609f82d9364049,campaign_336298d7d19c5bbd,1,2025,locked_2025_holdout
47637e6596b7fdf6dd7d4c73a713d595ad409f7d284259d210c9a550173734cf,campaign_47637e6596b7fdf6,1,2023,validation
432328c4d8aef85c060d3e7ae704b6980944f51bbf7d90d0412dcd62bdc61c24,campaign_432328c4d8aef85c,1,2025,locked_2025_holdout
6eb369c8fc4aed8db2e8343f1b660a30c271feebd1e89dbb13c5acdfd4ffa362,campaign_044e2d37ba7f3404,1,2023,train
717174c3fef129fb40a725d241b1b2c0aa29343a6aa0dfc3784b0996becfaf1e,campaign_717174c3fef129fb,1,2024,train
9c23b89c589846dc5f1721a8bd6d9657b6e89343936d084811104c4cf42f69ef,campaign_9c23b89c589846dc,1,2024,train
04d73ba5c991edec4cc987017c5c57574934911923c998659849c1e3a6065354,campaign_04d73ba5c991edec,1,2025,locked_2025_holdout
fb063541d4aad9078235ebe8690a94a64319bfd2944230dc34435dd4c3db39be,campaign_fb063541d4aad907,1,2023,train
fa0047c19e7909f7b39e26e6f8f0170d61a63c37b589ccc58bdfd9b56dc56c4a,campaign_b2867475cd567faa,1,2024,train
f3436cdf45b7a29237b904886b5995ad87bea2524a3b7bc998633a0c6658e59a,campaign_033b2e5817f4272d,1,2025,locked_2025_holdout
c2f8a22919552d85bbfc820d60602e8ae519665bfd491ea7580045e0b8209ccd,campaign_19c57d7b72f740fc,1,2025,locked_2025_holdout
046ee01fd8a0bf0ea2cb7f537b5a694f3f6ae7c36cb655f5dca35a3b4950668c,campaign_046ee01fd8a0bf0e,1,2021,train
41ffbf30c747c2dc5d490e9a23f5d2c1a16931271cffd614b5e1ac84e4738839,campaign_41ffbf30c747c2dc,1,2024,validation
19399fe42379d9c69932923ecf4843681e85ac5086c9749771ff91f58fa664e3,campaign_19399fe42379d9c6,1,2025,locked_2025_holdout
636bcdb65a029488847cc3380f9ce86fab0b846a7c3151c76a13f7389f518e68,campaign_636bcdb65a029488,1,2024,train
11eb4746d83db5fa342b2ad1bc30e126774521df3a0979e0a3bea4c439846ec6,campaign_11eb4746d83db5fa,1,2025,locked_2025_holdout
4be73401bd72de0a1c372c2333474c6b299e938d443387cf69d7d623162dec9c,campaign_4be73401bd72de0a,1,2023,validation
4c71a84ac28ce2627850c2d7c455bebb00b23e8a4a79511d4227b752d3b6b1b2,campaign_033b2e5817f4272d,1,2025,locked_2025_holdout
9c9f838f284da9ca61d15f3ff9a80f0bf564db642a97bb34aff1147ab411306b,campaign_3eea5688dfb9f2a9,1,2025,locked_2025_holdout
dade8b2b6dcf467d34c0a92a2ae67d75de00a32c226722063393a486b64ec69e,campaign_dade8b2b6dcf467d,1,2025,locked_2025_holdout
60f9d57ecdad4952774c2f78471b9007213d8b74614fe4c343c198bd9081dd9f,campaign_033b2e5817f4272d,1,2025,locked_2025_holdout
749079f8f4cd3f43d087064a8f16fe12c4285fe2c869f42954fe49968851b4c5,campaign_749079f8f4cd3f43,1,2024,train
dfbe9265e6dd654035e8246798cf92965099d673af452a458494ea74a2141add,campaign_6c1362ea30671569,1,2025,locked_2025_holdout
873f54fd6371b3fe0525a9afb9608137a4e1da29bc01734f225e73eb20a5d605,campaign_873f54fd6371b3fe,1,2022,train
e3b35aff1047476f6b089dea7f47cbc26679946651a31c5145f2f0f5b62f239c,campaign_009c5dc058564264,1,2025,locked_2025_holdout
134e667142d9a33deeefcb1ae10719f4ead78c1b9a36e9fac72474b254d4bf89,campaign_044e2d37ba7f3404,1,2024,train
ea69b08a797965f75db30ad5bbcef146591bd84b7c7d8004afa199823a89dab9,campaign_ea69b08a797965f7,1,2024,train
45f8cff5558ae2c14ca613f9663dafbfdeb979e1b7559248bc6b27d0a35eb1cb,campaign_45f8cff5558ae2c1,1,2025,locked_2025_holdout
44726064843a7f3776c867602ee6e46beba6ad80f917b5447158f55df0f9777b,campaign_44726064843a7f37,1,2024,validation
178f217560eac703f08e5ba00e831a9239f39bcdf82bd3030c1f80f14a5a066c,campaign_178f217560eac703,1,2023,validation
bff0e53743113b065b0ebafa081718ee2447e50ee7949d5d42d06d6920803711,campaign_bff0e53743113b06,1,2025,locked_2025_holdout
bfb8389fdb57b794f89126edaa6cd5560d8060ee97ed55ff97a78fd5146b9317,campaign_bfb8389fdb57b794,1,2022,train
be1d408ea24c0049539e40fe2870bdec187f3c0e02d9f8fb94a316a5da4fd33e,campaign_be1d408ea24c0049,1,2025,locked_2025_holdout
f09d1de078f8bcb660da548217c57c9a015045177d3cdbda3457bb9f39056796,campaign_009c5dc058564264,1,2025,locked_2025_holdout
6ac788d834000e2dbf01bdf66a327da51b1cf993cf7cab6f54c435afa20f6d16,campaign_6ac788d834000e2d,1,2022,train
abda259bc24d6bd49d93e48095a11cfd6e409ab404bb8c72440c6d5d7229e4cb,campaign_044e2d37ba7f3404,1,2024,train
15c76b3df7265a92efdd05d17423c3826b167666527aca8aa84b6b8f1a2ebb95,campaign_15c76b3df7265a92,1,,excluded_undated
d5efdc7d01e425fe095c80318caea6fa0c5bb976b28c5e79adf78266457fa1d4,campaign_d5efdc7d01e425fe,1,2025,locked_2025_holdout
d2de810eb70109c5ba68681b63f8fd2fe233e195d1d66d5519f9ef5a811ef24d,campaign_d2de810eb70109c5,1,2022,train
4ff203c783225089cadb8cafbcdf5b5f1c5609e99e199d2e8177e65e64562238,campaign_4ff203c783225089,1,2024,train
a2a81208e3395ed3a5c890d15a2a8cda6f09f23044e914dab4b1ad23eaa5d939,campaign_3ccfad6075369cf6,1,2025,locked_2025_holdout
4ea010a6cc0b4225ff44ad1c8d4d0821c5279852d02b0e8ef11ca54a423f185f,campaign_4ea010a6cc0b4225,1,2022,validation
254cafaa0559effb18bd06f2d5ce1503784d751eac44929df95bf9be8700e811,campaign_0831711b12968262,1,2024,train
b9f3343ec2585f773af351388b9404a77b98890e591d31c221fe9b4ba472a277,campaign_b9f3343ec2585f77,1,2025,locked_2025_holdout
a17e5e36a9fde9e25af6dc5c7ef531e50b63c63e73f4034f5dbe5ea39a6388e5,campaign_0831711b12968262,1,2024,train
865f9722a59a77482115e506a493faa00d88ec4849cf77cc5c7cc79c8bbc37a5,campaign_865f9722a59a7748,1,2025,locked_2025_holdout
9d446d5b49a93d22ab83728131a107c9b7f418e8508528df6e7f6a85c3c8efd4,campaign_562ce5602b21af29,1,2025,locked_2025_holdout
194b944fc42d5fd6fc938ce8fd4d9e95409e03cca2160dbf20cfd5fb840ac214,campaign_009c5dc058564264,1,2025,locked_2025_holdout
8a12fd324a6731902313d9cab20979c35ebf2cea4d9c27367a68ca202f6e567c,campaign_8a12fd324a673190,1,2022,train
dcd780f87c3500a1298bbe7dcacc970e97216425ecd7ec44098bacd563a5a401,campaign_dcd780f87c3500a1,1,2025,locked_2025_holdout
a8bcf0016d9580f742b48087a79d3df1fd54894230e22cb5ffd98d78cd3fc8c3,campaign_044e2d37ba7f3404,1,2024,train
3e9de7651ceda00b2c5c85efa2be1dd73e560d147ad2110650d645036a2725f1,campaign_3e9de7651ceda00b,1,2025,locked_2025_holdout
a6adb387ecb8a1c41c55f06e32423aeb61c1fdb6232a4f7fe0b9f1253b9e0222,campaign_a6adb387ecb8a1c4,1,2025,locked_2025_holdout
3b65a2c395f01ee409e5f61f11a191ff2f46b7c03686550a90e3ba89e05eef9e,campaign_3b65a2c395f01ee4,1,2023,train
deec697550941a09accd836a1007f7272680a57e295db6de65ac2f73e99ce718,campaign_deec697550941a09,1,2022,train
0fde991c8fbda60e339c7fa7e0d685a8306a50b7c2d1a0508ca2bcd475ff5db1,campaign_0fde991c8fbda60e,1,2023,train
3b7421238356bdf421375c41c1b31a2dacc075f2329356d58428c2c9954f51d9,campaign_0831711b12968262,1,2024,train
77f4d1f2be69b2847c6c5280a2128c3b74454addd28ead478df1d41df556816d,campaign_77f4d1f2be69b284,1,2024,train
60c21339ec8c9bed003b2ff3fa529e68cba70c6cb8cefdeb35ff154820712cea,campaign_60c21339ec8c9bed,1,2025,locked_2025_holdout
375bf8ecefc89e4fb46f807b69653f320e85f03d64cea376c1119f6e4e7f8f4a,campaign_375bf8ecefc89e4f,1,2025,locked_2025_holdout
c7dee8645e10302cff9084bc3fd66e3944c0379cad3155f3e30f1e42e3f9a929,campaign_c7dee8645e10302c,1,2025,locked_2025_holdout
e8e48e3f25f132f82000dc406c92e1435feee50d82a1b7cfd191fadf83133003,campaign_e8e48e3f25f132f8,1,2025,locked_2025_holdout
021617814e0d678070fc0cb5c169bc1ccc87024871c1fe45d7246d23ec247341,campaign_021617814e0d6780,1,2025,locked_2025_holdout
9986a9161120fa16287c567f00faecca603233a49f8e8a8e6db08968158d0387,campaign_9986a9161120fa16,1,2025,locked_2025_holdout
b6036c8746efa408c499feed78e7236559cec16aa8e228a49808404a66d102d7,campaign_b6036c8746efa408,1,2025,locked_2025_holdout
e3aa2bbf32c8def701d58dc77a6ff383c1bc54965759addc06571acb6d3b1824,campaign_e3aa2bbf32c8def7,1,2025,locked_2025_holdout
c0fd46867c45a091b0ac26c4bcaa32c19766891e2302225ac0120b63b2370eb6,campaign_c0fd46867c45a091,1,2024,validation
66feb1a7b49ef50715173a064614135afa14e960fd4f6e13f0859e53ea71fd9b,campaign_66feb1a7b49ef507,1,2023,validation
2689dc1c639ec4c5b362c237ca992b4b4f307687023ac132f7affe3ec62304b3,campaign_2689dc1c639ec4c5,1,2024,train
23dd0c1f7e6a8c15ea382162549c96da1eb4ba4cd253d0c072d53741130bdb8a,campaign_0c52e5b6f7e6ecfd,1,2025,locked_2025_holdout
cd3cfdb9ff12d5dd017865974b637879b67bb0a08caff2663040e1da9300b991,campaign_044e2d37ba7f3404,1,2024,train
155a974681a45a29b43fb7a3a3f568e29e8c56441486ea68b03da24dc1d18366,campaign_033b2e5817f4272d,1,2025,locked_2025_holdout
222b3959589f77c859fd199b658200e1cd5562e0851f371da83b641454ba2ad2,campaign_009c5dc058564264,1,2025,locked_2025_holdout
fda6d1e53c69ed5a8be7397b452ca50b39d11149cd44fad91c8d8c1054829603,campaign_cc28351bffe24b9d,1,2025,locked_2025_holdout
0093bfac7d6e402c9c5ad4803e9f4ba4610cc8eb36af81be2dac59813d79bc00,campaign_0093bfac7d6e402c,1,2025,locked_2025_holdout
d75155d901028fc9bc84558ccc49235bdcc2fbd60997575fe19a0af287623cd1,campaign_0b79dc58332f814d,1,2025,locked_2025_holdout
271d9fd235c79dfff5b1c54dac4d08510454f1011c87251993554e83df5f8adf,campaign_271d9fd235c79dff,1,2024,train
563439ea68dd73576587f8774ab6c2081e86a545a92d284ac712ffe8a88989db,campaign_563439ea68dd7357,1,2025,locked_2025_holdout
3eea5688dfb9f2a9f7bf202d30bbf18b248d4a9d5479ace9735e3c0995dc6a86,campaign_3eea5688dfb9f2a9,1,2025,locked_2025_holdout
161aa4d2be0dc14904b1b1982e27b49c16999b8abe13b84ac0058b7d43577f1c,campaign_161aa4d2be0dc149,1,2025,locked_2025_holdout
df110bb107de43c4a14b6007f4f4ae239e473a79401a7b53ae252d8320cadf7d,campaign_04c736375b12c24e,1,2025,locked_2025_holdout
203ee55bc89db5c094db651980cf631406018618983b8f84b8751ab092022f64,campaign_203ee55bc89db5c0,1,,excluded_undated
ad594db01a4386f09ba9d2823c49b5af6c162d8585ef94aeb9bd5124c3f072fb,campaign_06efc21561ef40bb,1,2025,locked_2025_holdout
d404f244645e24f5334f06edc25fd7af85f4418beea808c58d08b6b6ec04d432,campaign_d404f244645e24f5,1,2025,locked_2025_holdout
fb904fbcf0f782a565c41ddffe8541a65c474030d12e94b63a2fc5f52490bf2b,campaign_fb904fbcf0f782a5,1,2024,train
44e0411c099ad54cb2313c9b7fc1bf8e2866f05e6301bffc4256319b8ce4e6f0,campaign_033b2e5817f4272d,1,2025,locked_2025_holdout
0831711b129682623605087e83b3ad4c01151232181300672484ebf900609da9,campaign_0831711b12968262,1,2024,train
5508652fa20dc5fa3ef810442574b1831305dc218a68964f93cac34b0331c857,campaign_19c57d7b72f740fc,1,2025,locked_2025_holdout
2ba7269211bf5a02439d50a58bb00f3755b4ac4f44de2e5956077cb88118ae18,campaign_2ba7269211bf5a02,1,2025,locked_2025_holdout
247e80bf53799c26d87475c4964b5ca985b548c209df911a846c09f3758e17fe,campaign_247e80bf53799c26,1,2025,locked_2025_holdout
43a69d34278e196d88ae3e1af9067a7817ea301734c4d80bdd1b4886323ff39e,campaign_43a69d34278e196d,1,2024,train
10d35633448bed35004b0d91bdd8be9506042c5bd7f216c491ea2ea6589733d5,campaign_10d35633448bed35,1,2025,locked_2025_holdout
d2dfea9279b92b7506d5c5460f6fce033cd1edf267e20ef9721244075946240a,campaign_009c5dc058564264,1,2025,locked_2025_holdout
4e114497ce5c98b946c66f62cddb7545806eb4e6a720206d14732ecd96ff1484,campaign_033b2e5817f4272d,1,2025,locked_2025_holdout
9070f6e2ef9dd72e4f997068854ccc78c900b531ed4981f207c0240cbc637b85,campaign_033b2e5817f4272d,1,2025,locked_2025_holdout
86dd9c28792d8b46d34feb684a549d16cc2cbd52dd0c15ef17aa324b9805ae15,campaign_86dd9c28792d8b46,1,2025,locked_2025_holdout
8e994310533c91895677da39fb1aeed4c7c7accfcfeacddaffb9b079a9012bad,campaign_8e994310533c9189,1,2025,locked_2025_holdout
f101acd3381d73eb71aad156eb6f6ca9d17050ac9925dd36cd5fbcba371d1fac,campaign_044e2d37ba7f3404,1,2024,train
ff5952dc8f9311c9d20079d35a7b81bf9519a5f9cdbcddf8e99c39d82c9fe84d,campaign_a3a9f536fd1698da,1,2025,locked_2025_holdout
d6d5e760668ad8c5a8bc48949313e5c5e254493bb2a16d4ac07fa987e9f10c92,campaign_d6d5e760668ad8c5,1,2025,locked_2025_holdout
767be08a6ec6357b3f3106c3db8733032d05c8ecaa8f90799b440f81cf1839f7,campaign_0821217be24b5c2c,1,2025,locked_2025_holdout
9f69b66e439f5b16ad2cbb5d0a4b01e71f05ae1c0b661999288acbc559990ef0,campaign_9f69b66e439f5b16,1,2025,locked_2025_holdout
79781debeaafda778d2f7f46dda64d9dc75316dbbfb6a64d4eb5165c1d46a494,campaign_79781debeaafda77,1,2025,locked_2025_holdout
af9f91f1cb421a70e6c0e856b3b4c07f794688955e22b6bdc27e7855bfd159c7,campaign_4cd3e7ff8244cbbd,1,2025,locked_2025_holdout
d55d1d30dfc157cf536e6521a0efcaa8922e60a9f81bae2f56ee53311ebb4d8a,campaign_d55d1d30dfc157cf,1,2025,locked_2025_holdout
1cef92d04aadc4503fe5936e96a51be809c4d5c40864df35b08314793e96a967,campaign_1cef92d04aadc450,1,2025,locked_2025_holdout
c795b2cbdf59ab90030be8ce1f702d6e224aefa5218f1ac4da990bb0975c7776,campaign_c795b2cbdf59ab90,1,2025,locked_2025_holdout
5865a1ea22a0494ae40babf09d359c792685400c5cab41d719fbd5da7606eb79,campaign_5865a1ea22a0494a,1,2025,locked_2025_holdout
9d6feb39edd721edaec21fe592dcab31fb6cd82b166a02416077cb91fef7b2bd,campaign_9d6feb39edd721ed,1,2024,train
e16d4f4d7fd545d36f367275fb9877bd7549ff22f04c6b0a5a7c14f776e4770b,campaign_e16d4f4d7fd545d3,1,2025,locked_2025_holdout
44b8d3f30390d117ca83c04639a96254be087cb5a1788d92bbaaeb558d996ada,campaign_31ed20681317baf6,1,2025,locked_2025_holdout
6498639722a97d29c440efb17b63047f03aa2b80f166089ce3cd69315b8cd417,campaign_6498639722a97d29,1,2024,train
122bf6591791acda1286cf5e678c05f4b146eeaebe8c237e830d1d5dbfe70799,campaign_04d73ba5c991edec,1,2025,locked_2025_holdout
ff272731fd77e35cbadf1a457538e09d2f38b02f1da90d46e740a0bf733e9ce3,campaign_044e2d37ba7f3404,1,2024,train
43a462cb25bb4d18b846f73e025952ec55e4b3c7a8bc0d46f1b36239c3881012,campaign_033b2e5817f4272d,1,2025,locked_2025_holdout
f7860ea5ba66467f5894ec3b2ee5e259b96530f23e6074079dabc31a6bfe6a83,campaign_f7860ea5ba66467f,1,2025,locked_2025_holdout
19570147d411c835dd14a8d41940a65faaa90f17554fb156acde919c37be263a,campaign_19570147d411c835,1,2024,train
3cc5aab98245eea5941f5f2f7db7bb5284ae88bbde8ffdb72a2df2333a5a0bfb,campaign_3cc5aab98245eea5,1,2024,validation
d39bffc1ec467c7908609acc9367659299a7464003c490d36e43f7b59d5b42fa,campaign_033b2e5817f4272d,1,2025,locked_2025_holdout
de42d7ff2e9d5f230a9a42aafd49d6c8f569e7993cc78e63b751a983dc541c0f,campaign_de42d7ff2e9d5f23,1,2025,locked_2025_holdout
2864bac49314718a4dd8c030960ea0ee65c7a436992ad0b8b0043b653f72c91c,campaign_033b2e5817f4272d,1,2025,locked_2025_holdout
ce48e7a46182badf0117e4f133a65ae24b7e0b3d2c320a80f83b45deb11843e7,campaign_ce48e7a46182badf,1,2021,validation
e8021d645cefffcd4128b0c1f85192a229d8ee2a7e0eb23f36c3624da015133d,campaign_60c21339ec8c9bed,1,2025,locked_2025_holdout
0e585d28ac3a5127664e6f1dac964bffc72eff5dec8ad670c883152d8973121e,campaign_044e2d37ba7f3404,1,2024,train
573d309d0f1da202ac315229fee806236ae9dd879a9659d75f949006dac008b0,campaign_41ffbf30c747c2dc,1,2024,validation
5e3ab72c1c5297c7a52c9ac38659c196ee12ccfd335c8e7bddda1952d0b05449,campaign_5e3ab72c1c5297c7,1,2025,locked_2025_holdout
1f1db2782602042b2df559816890f355a39a2623662a874f969b7f38fe1e3907,campaign_1f1db2782602042b,1,2025,locked_2025_holdout
49bce6673542fac289b76ea54471421143c457b5515f1b8e35fcfb944ab57a57,campaign_49bce6673542fac2,1,2025,locked_2025_holdout
7efb868e8087b086852ee588826aaa34982bdb80128c989b636932834eebecf3,campaign_7efb868e8087b086,1,2025,locked_2025_holdout
e35b26ec871b76789fb6699f937d448c7905f3246b173075145b0f3773914a73,campaign_e35b26ec871b7678,1,2025,locked_2025_holdout
492e51cd43c2b01345e45b0edfa2f851bc68b22b412d308aa1a5e8dae3ef3139,campaign_492e51cd43c2b013,1,2025,locked_2025_holdout
1c7ebfa06cd716d053de60014ec6d29f4adf997c687dfe1db344c247ae2be7ac,campaign_0831711b12968262,1,2024,train
253baa56a8c7f8cded25103943482e8c24c54e784fad2cbc34c4052760e7be7a,campaign_253baa56a8c7f8cd,1,2023,train
c1124d3233c7f3eb248c964b8bf0f2f732208f1c18294a2642ab48237f08a578,campaign_c1124d3233c7f3eb,1,2024,train
bb2c0c6551fc35957facc16b0059a01e030a03d37a7ac8c07380016af286430f,campaign_033b2e5817f4272d,1,2025,locked_2025_holdout
af55bf750e13371df6db3a1320baa6fda1d9470bac1073cc8f52117ecda5e547,campaign_0150af908bd14468,1,2024,train
f21bb7445311c2e6b75228e7ed6e6a1dd114438779a43753e9043af54da16473,campaign_9986a9161120fa16,1,2025,locked_2025_holdout
5427d7c14831edb15d5643fb90736f4115ea036ddc6429a7c4eae74ea92ecbf0,campaign_033b2e5817f4272d,1,2025,locked_2025_holdout
4a4e832a51f0330ae8f49cefba78c9e3580a3e84eb032bd5902cc08c7ca115ce,campaign_255b2ce1745ea09c,1,2025,locked_2025_holdout
ed17a5bd8f166aae979a8be85a74fa77ed52320e798bed2b91404e54bcbcb0a6,campaign_cc28351bffe24b9d,1,2025,locked_2025_holdout
e0c51c1b2e600a9848c9bb49ad7135719259a26c4ca2a2d63b5364868d7d064a,campaign_e0c51c1b2e600a98,1,2025,locked_2025_holdout
f1fcedf466fbfac5f58f9f11bbe0f8ed48d666e848770e30872806121596488e,campaign_23aa6ddcd21236d9,1,2025,locked_2025_holdout
6efd4d703aeb54d0cb78ba3efa20c795fb26130afc6c2ad74727cab8ffb45008,campaign_04c736375b12c24e,1,2025,locked_2025_holdout
ad12924158ee3ee125678a05a733ec713f300f55f49fd748e3d5dbeed8c9d75f,campaign_06efc21561ef40bb,1,2025,locked_2025_holdout
a8d23c291002b791b557c3f71922ec4ca3ba3a82def93ec3f83e8f577cdc8fab,campaign_a8d23c291002b791,1,2025,locked_2025_holdout
9df0c59edbdced95c40aa79dc7a555788e28ee3fe779ee88a081d47e25b3f775,campaign_033b2e5817f4272d,1,2025,locked_2025_holdout
55cf9378416fe75d9138ba9e19a7f49fc961ebbdff0858e5cf406665fbb3b3d0,campaign_55cf9378416fe75d,1,2025,locked_2025_holdout
a78a2deee0f62c84ce08aba41ef75c7ae6cd9a562b5b1c3f540806b86aa7a59f,campaign_a78a2deee0f62c84,1,2025,locked_2025_holdout
400491a7c9a268d724de831e871a6a6342d49ef1bdc26fd6f21fd7d5d957f110,campaign_400491a7c9a268d7,1,2025,locked_2025_holdout
a87e993c4a57f1e6bb837ea058cb947b2642a1d97990520028d549e8a57cb617,campaign_044e2d37ba7f3404,1,2024,train
9522778baad82fed0429b7204a12aab1452e1e640bfc9ec6c674d4257ad51e22,campaign_9522778baad82fed,1,2025,locked_2025_holdout
76daee11a6dfc85f1604d8a4467e7b5e17d183231bb59f3fa9388bee68a9e302,campaign_033b2e5817f4272d,1,2025,locked_2025_holdout
0150af908bd14468fcfb8c56273301c8b6bd87186e3668eb3808b9a429bf12b9,campaign_0150af908bd14468,1,2024,train
6b406bc6d6e44f846eea20fd435cddbb57edf37304e4ce357a9d6a1082f16d7b,campaign_0b8f004d5c603894,1,2025,locked_2025_holdout
14beb3df2c864824ebba29b3062ba99cecb200e5dd9044656c50a0c2eebc9c19,campaign_14beb3df2c864824,1,2025,locked_2025_holdout
bf3b35bbe3006169f3838b75e5071db9ffe8a5238d9f2f1b5b4b2a7a05eaba88,campaign_033b2e5817f4272d,1,2025,locked_2025_holdout
0b8f004d5c60389481a2c4786959883f186f5117747baefaf4df27644f38417c,campaign_0b8f004d5c603894,1,2025,locked_2025_holdout
a7a7695587f922736dea471a8cfc8503805e685c408d068bc986e1fa2df2aad2,campaign_033b2e5817f4272d,1,2025,locked_2025_holdout
6ebda341de44a45e35c5562ae3e8bc4f0b9aa271cbb489adac70d6bcc1fc1d63,campaign_033b2e5817f4272d,1,2025,locked_2025_holdout
182290b25216252827434117e23776917cf7e68efb88ea22e15b64eb701463af,campaign_182290b252162528,1,2025,locked_2025_holdout
32e1678466f97b5781ede6ccc51159f6847cd130fc9dc57655cff92845d33773,campaign_32e1678466f97b57,1,2025,locked_2025_holdout
450734d41bbe674b70ddafc4a9f566c059ba480a55e37d99376d5c20d5db0703,campaign_450734d41bbe674b,1,2025,locked_2025_holdout
8150a4a3fe327f1cf79971b018b2e23a3fec3a51fcb5170253995662545056e7,campaign_8150a4a3fe327f1c,1,2025,locked_2025_holdout
6e2ab99ddc51aa0cb8c5066fccbdd32c6a2dcc455fa8fed3c298c574a94032ae,campaign_009c5dc058564264,1,2025,locked_2025_holdout
f2a11372f3db1ba381c02771b2f6834715c77f5578045aadd9b6558b5e5de1f9,campaign_f2a11372f3db1ba3,1,2025,locked_2025_holdout
c6694b9f065c32e0939e67b9dc59c3f59b904db35329c699ab20b93e992818cc,campaign_c6694b9f065c32e0,1,2025,locked_2025_holdout
a74fb6761efb7688664e6764a935cbe4a4771a3b41e82cc2a060081daa1f5aa4,campaign_6c1362ea30671569,1,2025,locked_2025_holdout
72a089d7dda770ede1a76e451b9fa968ae96d47a7ae4aa26313e7701334d5731,campaign_3004d34a4d882480,1,2025,locked_2025_holdout
81ef2b1264f7173d0a6cfdbfec392b24eb677ac1eab8c494a06bbe13076b6e68,campaign_81ef2b1264f7173d,1,2025,locked_2025_holdout
d54e954f1ee5b67cbffffbbdaa7b9ccef8e495bba8e27c936db5647208150b24,campaign_d54e954f1ee5b67c,1,2025,locked_2025_holdout
9b7f3a388387ae85d47a613e4ef00c7c3b4ef0bf732f9a1c5d7b3857385b4fb9,campaign_9b7f3a388387ae85,1,2025,locked_2025_holdout
2e686c24e5638f961f96f6c095e089d2730adfad42004495cc3aaff6fe917786,campaign_009c5dc058564264,1,2025,locked_2025_holdout
2667aeef9b485dfba77422c20ab1fab7b1d2f5c40ba07572ad2ad77f8c3933bc,campaign_2667aeef9b485dfb,1,2021,train
02f16bbe82a51fb565e499282e0396bbb405f2b069f60faf1da6ac907e1cb638,campaign_009c5dc058564264,1,2025,locked_2025_holdout
d783b06553738cf1715249095f433d9703b4e1b434f883e9c5f958307b7104ba,campaign_0821217be24b5c2c,1,2025,locked_2025_holdout
b9ac270fe2766d991dda0421d665c0a721afbd6299c2a940abc6288cf13a45e5,campaign_0150af908bd14468,1,2024,train
a39edbc35e04d6f913048c2d7d1df38e31fcba52cc92108740d52b41b017a3cf,campaign_052910819cad84ee,1,2025,locked_2025_holdout
36fc24b54c7d651acb1943e4628c10f9bf65b7b2571beb3d0921eaa5db60bb02,campaign_06efc21561ef40bb,1,2025,locked_2025_holdout
74bd306f4e5ed9eed548c9cd56c25afc9ec1e4f6c8554675f2116ff89276b602,campaign_033b2e5817f4272d,1,2025,locked_2025_holdout
6286f1ce4da35269165383577ee090657f1c9b799b2aa313baf5fa61cf4941b5,campaign_6286f1ce4da35269,1,2025,locked_2025_holdout
a7ec2858c5e31b879227f4889da8b9e611a569289e2b8327707b95979394f8c0,campaign_a7ec2858c5e31b87,1,2025,locked_2025_holdout
3ef812d077dcb2a2798936c4eb8bbd172ec878c12c044368de81ae0ec49db05b,campaign_3ef812d077dcb2a2,1,2019,train
aa3c4773e30039fdea4fcd94dac55581aad808f14ea11367c27d73965167f225,campaign_2c8ea9856c6281be,1,2025,locked_2025_holdout
2cf2dcc58efdb4638f945c898101b846835ad5b65f23012fd390c37f600a1f7b,campaign_2cf2dcc58efdb463,1,,excluded_undated
eae95a784248b5d5acca988865f129acac41d2a5e0aea0f63a5d6e946303e0c3,campaign_eae95a784248b5d5,1,2025,locked_2025_holdout
4db4874e5f4ce81515c76455be9e25ce71cd8e7ff07fe06fab27aaeefafd8c49,campaign_033b2e5817f4272d,1,2025,locked_2025_holdout
857fe482108022fca526b73ade9dcece929e393f824fdf2f4177c922f116cd84,campaign_009c5dc058564264,1,2025,locked_2025_holdout
5b6f8dae0bad9f1eebea5b601a4be15eb4c20057ae3639dcd7173f1a28f0b0e7,campaign_319a3150082e2024,1,2025,locked_2025_holdout
75c1a1695e069b06c0117aad072ffb6017709eb3fe2c392e8eed2d6300abc41d,campaign_75c1a1695e069b06,1,2025,locked_2025_holdout
44e4ef8d160b7789a39ec00c82dd2c82812d769a15087ec3f9fff30dcdd42f14,campaign_44e4ef8d160b7789,1,2025,locked_2025_holdout
2fb45300d019b8629752c71294264612423e5b3390eeacea03d32d3eeb27ccd6,campaign_071a054e12fccffd,1,,excluded_undated
17bd00874cb91d524730d4e62d4803ddcc525a76793c2e4e6fee63d86271a95c,campaign_17244770071b2cd6,1,2025,locked_2025_holdout
9017cc62c1fa659405224e767f1752c3327c3bba321612f0c0d34cc937a0988d,campaign_06efc21561ef40bb,1,2025,locked_2025_holdout
ab1c94c538d6cb8abd963ea1cf7cc2a9aa88ee5abdf0139d8a4c744c15f593cf,campaign_ab1c94c538d6cb8a,1,2023,validation
0c52e5b6f7e6ecfdb0d417d68dcb397bf633ae471e212fc49ffe03edfcfe0491,campaign_0c52e5b6f7e6ecfd,1,2025,locked_2025_holdout
0a3493fe047e6dcbaa0158222e4baead5269f21b55d1f9e241aaa338c17c9817,campaign_06efc21561ef40bb,1,2025,locked_2025_holdout
743f877afcc565b0d3cbadf3f6e98d7133cdc7459de6ac11b29be3551a888b0a,campaign_743f877afcc565b0,1,2023,train
a391716208a6746d9ae9b2261d5b9eddc334063593f855b61f921be849e4bea2,campaign_a391716208a6746d,1,2025,locked_2025_holdout
ef3e807117ee35109059818eddc3833b28273f1196e27835556ae91f234af4f0,campaign_033b2e5817f4272d,1,2025,locked_2025_holdout
94035e08f8c1e6651896240012ffb1ee6fb5a34a2255f7fb3c92b2e85a29adf7,campaign_94035e08f8c1e665,1,2025,locked_2025_holdout
12c10bf91d62771be25fb73cbfef027cd2262bc0e352ee643ab63766ca8defe2,campaign_12c10bf91d62771b,1,2025,locked_2025_holdout
ff8d35cc86e708b299f7822d738a31a6738fb9ae1f6374a60e6191c8976f757f,campaign_04c736375b12c24e,1,2025,locked_2025_holdout
203328b5d2711f2cca84bf42dfbfec10764751459f20ddf3c3e0cd1769c26629,campaign_009c5dc058564264,1,2025,locked_2025_holdout
1dc1c78603ca404a775baf4fb3da18320fd0e0ce9529ff9b8ab4d88319338897,campaign_1dc1c78603ca404a,1,2025,locked_2025_holdout
5e4e1351077dc205a9879427cbccc0133b19a7df1093849d3d3f1b86292cc2c8,campaign_06efc21561ef40bb,1,2025,locked_2025_holdout
4be57a30f495b8feca6819794089816448a3b404b43670dd9b9443181b913760,campaign_25940db66ecd935a,1,2025,locked_2025_holdout
4b46ffd09d1013be9db8b3e0247bf8e222a9930d923c9a19682063eebbe41e79,campaign_4b46ffd09d1013be,1,2025,locked_2025_holdout
11393af5fd8e783cc063df65396862fcd830d016d342a87ba5f68beed3a9f57a,campaign_044e2d37ba7f3404,1,2024,train
cccf38ba5b65afa81ddf54cff946daf00a95568c9b2f8a2caa9d367dbd69199e,campaign_8150a4a3fe327f1c,1,2025,locked_2025_holdout
1f6786a82bfd7651298c340c3d8f3689364a6952fb07f7de323df89e16acc340,campaign_033b2e5817f4272d,1,2025,locked_2025_holdout
65ed6442f9281a0534dda461ecfcaf94400053eb0dad3cf56fd4f69f9924bcac,campaign_65ed6442f9281a05,1,2025,locked_2025_holdout
205932c8938edf773c478f4ea940690e16248d2249ce221ae38eded6e321c14f,campaign_0150af908bd14468,1,2024,train
f013a4585319fc30d12db2efa31790da0a1b3623d8d5624e4b43eb04d173b2e4,campaign_a78a2deee0f62c84,1,2025,locked_2025_holdout
d08726427e519881b623d74a6102fe96194c74d910adc700b854ef1deeb8ddd1,campaign_8e994310533c9189,1,2025,locked_2025_holdout
8053b2b3ec008acf93ccd7c440f62ee85341c0c2b98a45504d8c1d274a700476,campaign_45f8cff5558ae2c1,1,2025,locked_2025_holdout
ea92607fbeebc3f7702ccce0a2f3b5163847722977b68e50d008db7f4dd67c7e,campaign_22f16d03bc01b72f,1,2025,locked_2025_holdout
7c5228df79c5b957d4d7a6ed403fb0587d789aa6ff1496eb8c622a61428c8b21,campaign_033b2e5817f4272d,1,2025,locked_2025_holdout
be208db6f5e85f9dee6cb90ea5c61d3551337203d7f70d6dc950d2bc5496c105,campaign_be208db6f5e85f9d,1,,excluded_undated
7f60310f3ac35f4126d4b73b2d391376a2b669340c5ba8d5b74d0b0358d23854,campaign_7f60310f3ac35f41,1,2025,locked_2025_holdout
d48f7f71b558ae4b675b828c8e2046996db49cacec84370fa4979d53c0afae5c,campaign_d48f7f71b558ae4b,1,2023,train
bd2dbb3f122d56c6fc82436177337a42272791a2f8634ef658080c37e0fc3c65,campaign_3a3831fa814c950c,1,2025,locked_2025_holdout
39aa3440e05b22d703f6dda1e7005fc0e35ced7e53b084b4fd06acfb89c906cd,campaign_39aa3440e05b22d7,1,2025,locked_2025_holdout
f0610ae98478948d6ebd548d04e7b97f5b584f52214d3d09c9c3f9dcd878e908,campaign_bb3a4456d7bc191d,1,2025,locked_2025_holdout
5f651dc8f27cdd7e2bfb48b38ed17fb9cf4dfd9fe349f08f737b13b8f4bfcb27,campaign_38160d3f2e00152e,1,2024,validation
2ca8918e3651fe33e7a75a314a12aa21f478601781392d9695cd2887faf2decc,campaign_06efc21561ef40bb,1,2025,locked_2025_holdout
a8be1f3ec42d4c7adc596f8d79a9c08f6c38f165a0a18121fb11f3b3f13ac5cc,campaign_70e34a009947d1e4,1,2024,train
93ba18b882caec407edcb55d306b56bfeeef142026d8cd60aa6f3b3fbbf4d396,campaign_93ba18b882caec40,1,2025,locked_2025_holdout
2e43de0bf24e0b6f4009ae7a69908456da1c6bbfc74c0fb952aeb7ab7cec5d39,campaign_06efc21561ef40bb,1,2025,locked_2025_holdout
7c840006cef60fdb68de7c12ffa39e1e5caf92d807ffb28071405e26339b60cd,campaign_7c840006cef60fdb,1,2025,locked_2025_holdout
672a2049a060c5004311dd6cd59bd701da4483a9efe67d8751c8531bcd345019,campaign_672a2049a060c500,1,2025,locked_2025_holdout
c970d643c18a2963ebf60f768d2eeec5040b53bb9438b0fec5be78435532110f,campaign_0831711b12968262,1,2024,train
f9a3736386cfea4353a6d9ca8cf85bfbd8df9acbd48483bd024fdeaab5e99cab,campaign_f9a3736386cfea43,1,2025,locked_2025_holdout
c8a7bb8efca67ba6609f357134f47d3975e2e6dde0579867271789a9db5943f6,campaign_c8a7bb8efca67ba6,1,2025,locked_2025_holdout
f9700c72413fbe21af660ef2c87e6a6d06c030080d3e1a6fda261775f25e7505,campaign_f9700c72413fbe21,1,2024,train
db8bed7b163c0a591a5cca2e442ff22e554d408f80c1605b613a006e9c9a79e9,campaign_db8bed7b163c0a59,1,2025,locked_2025_holdout
9e470fd7fd02b30cb89d3e074e2954621ea999d4f0e053d3871887e6db5d6303,campaign_9e470fd7fd02b30c,1,2025,locked_2025_holdout
bc1bf21e288a76202df4dc1560528fa63a47a63bf84e06de0889dd1a538cfcf4,campaign_bc1bf21e288a7620,1,2025,locked_2025_holdout
fa570f228df73d67466b7e90c84aadf73e28d67c280e83a4888b18af5f4c5c97,campaign_14beb3df2c864824,1,2025,locked_2025_holdout
42c5d46154cc0715f85c689bd35c3e55e455bf65703e36aaf1431f2219d9382c,campaign_033b2e5817f4272d,1,2025,locked_2025_holdout
22a2d73f755034ba4d5f3f5718e2b8e5b96510745413f10b32c4c5f98ded2c6f,campaign_22a2d73f755034ba,1,2025,locked_2025_holdout
31ed20681317baf61269974f8561aa0fc6db08175d2446cd206cf29f934210c4,campaign_31ed20681317baf6,1,2025,locked_2025_holdout
cde298ef5e0aa1f943adc5aa593320e86a265764911d0dd96708a56cd7ec76a7,campaign_ad2fc822b16c113f,1,2025,locked_2025_holdout
b055f76de06fc2c465da85d58b51be88b5ce86bd606d710df57b80603ecf1fe8,campaign_b055f76de06fc2c4,1,2025,locked_2025_holdout
5d295f28a848d3f4a4ac35fbb76c61a466aa0ec707ab02ef1b5ea0a2eee24475,campaign_044e2d37ba7f3404,1,2024,train
b064bdcecc53a5682e77a5d492721e82fd32b60b9b468b1e038f9f5626f2743c,campaign_b064bdcecc53a568,1,2025,locked_2025_holdout
1560e75974b82625d0e6169592a5f344b90e378acd1652782fd220b0b70beac5,campaign_1560e75974b82625,1,2025,locked_2025_holdout
e7adb823e2a241e22bb6e202e4d505cd08cb14072fa86babeaed957ce557e3b5,campaign_e7adb823e2a241e2,1,2024,train
e414fd85fbd23050c122e807881b26fdd4a0cf47cb546dd7f95a330e4be9ba5c,campaign_e414fd85fbd23050,1,2025,locked_2025_holdout
c13014b4c503c3a726895f900be89f30a5289e78a062aaa4b029cbaf36ba00e7,campaign_c13014b4c503c3a7,1,2025,locked_2025_holdout
dc6de5b8d9d6a3401e0ee1996a5a1d566190aebcf8b82cab226a04e08d7a8adf,campaign_dc6de5b8d9d6a340,1,2023,train
66f0bd61181b90117d3e879162f80b414b2863c21fcdc12b0227952dc95675a7,campaign_66f0bd61181b9011,1,2025,locked_2025_holdout
b2e5c50d85e7f81d18db59765bcbd5712c34c5d09519674eb22cfabac3089f49,campaign_93ba18b882caec40,1,2025,locked_2025_holdout
0a72f64145f90b3186bf0971932562b49eaf8a2cb3ee5c3f71cb9b489437ee15,campaign_0821217be24b5c2c,1,2025,locked_2025_holdout
c72bbef7f3cdb1fff862475dbeb5ae3c57c21eacee2fdc0d114bc947a21d1fb8,campaign_c72bbef7f3cdb1ff,1,2025,locked_2025_holdout
8c23135043444e5ff47cd1594f4592b446ac884d63580f9f8f7dc77f3b6c92aa,campaign_8c23135043444e5f,1,2025,locked_2025_holdout
556e2dffd24bc9f414edc0dd196588e9cc35bd497193c73762b9301c2a0c004a,campaign_556e2dffd24bc9f4,1,2023,train
0821217be24b5c2c64b7ccf93c9303fa7b681ecb9b7eb0f7ceea8bcdb2008186,campaign_0821217be24b5c2c,1,2025,locked_2025_holdout
06efc21561ef40bb22a720fc8db9fc4aa8b42ac834e20d1c05012d1223c0d092,campaign_06efc21561ef40bb,1,2025,locked_2025_holdout
9941d16a3bc7c8d01683ba3870ab9a91336bacc3afe124727cb83feb9cc6b7c0,campaign_9941d16a3bc7c8d0,1,2025,locked_2025_holdout
5f254d4acef32004a954332b6751320d20443dbca7d3a7b896777457cc3d5118,campaign_5f254d4acef32004,1,2025,locked_2025_holdout
f978fcb6a1ef04e4c199f8b92447a9d693442fcda61359dd10065d503375a29b,campaign_f978fcb6a1ef04e4,1,2022,validation
64039aeaf7e6cd7dfe90a94b42c65bf089964a9ecea64394809512d3c5fe1906,campaign_033b2e5817f4272d,1,2025,locked_2025_holdout
3e7049f40004fe6da74d08f26a56c4da222554530c5da7fc7f42c0ca720889d8,campaign_25940db66ecd935a,1,2025,locked_2025_holdout
6925c438f89cdbe929ced5ceae60334ddcc307fb0e5db6a6bc48416543310167,campaign_6925c438f89cdbe9,1,2025,locked_2025_holdout
5908706bfe8a15d469ba67a446d48066a37b5d989747a6dd3e97adf4577f8754,campaign_09b73d101717db37,1,2025,locked_2025_holdout
36e0f448eb9fd46463aab8145bc9d637a2f854c5c8c92bd966ba03f0fc757f48,campaign_25940db66ecd935a,1,2025,locked_2025_holdout
92e0db331f141c8e0b6664cd1e785c1c9785a950a594ab76895102acb376d770,campaign_033b2e5817f4272d,1,2025,locked_2025_holdout
70746ae844bf6be113ebe18006753b0238041d8281ef8c9230ba8d51ea03efea,campaign_70746ae844bf6be1,1,2025,locked_2025_holdout
22f16d03bc01b72fd8105191003e5d682fff3db9dbaee4d2bc67c4a06a401cf5,campaign_22f16d03bc01b72f,1,2025,locked_2025_holdout
fd7f5d2ca8b163e63566c9c4bc9a7ca904c084865ac284295b93e23b3b203a99,campaign_033b2e5817f4272d,1,2025,locked_2025_holdout
74d9d1dec541e1c82f6600d612672bb15db3fcfcc9fe478a15033d7b14a425cd,campaign_74d9d1dec541e1c8,1,2025,locked_2025_holdout
2677f0e551a26cdf46c3f06ab584418968f9fe2ade9a4e9a93135bb1f6eaaafa,campaign_033b2e5817f4272d,1,2025,locked_2025_holdout
9ea60d1b01e2b5bad667259029e641edc0a60bb8bb39862dbc651e52d3eab612,campaign_9ea60d1b01e2b5ba,1,2025,locked_2025_holdout
7c720a3d14d01e77b6d467210093f5006876b04a81ae23413703380eef99983c,campaign_0b79dc58332f814d,1,2025,locked_2025_holdout
0cfa89ea1c5a38a70aba4d0398e89725e411c4285eb624cee4fc8c0bdf89a730,campaign_0cfa89ea1c5a38a7,0,2025,locked_2025_holdout
ecb8ce46297e47557c143f7389a3effd9c0bcef78c14943f8199faa7eaa377fb,campaign_ecb8ce46297e4755,0,2020,train
630176d098399977c90c89350f3828b10a211d92d2cbfec1566f94f3f0748382,campaign_630176d098399977,0,2020,validation
54b034c1378cdd89df147ec34cad2e8b6a1de92f207f57a0fd4e9cdbff1651e1,campaign_54b034c1378cdd89,0,2022,train
fd9b6b06197705af83e46100a7fc3794641be1ac881f76c2c4e561eef03200a4,campaign_fd9b6b06197705af,0,2020,train
746e5887a5894f00f5a60f930a68a7f504a71c1402a4729147d9de0ea72d8770,campaign_746e5887a5894f00,0,2022,train
88aca34e8a7ab71b068e97f07de29b310df9d954ef804b3766b3e9cc55779ad7,campaign_88aca34e8a7ab71b,0,2024,train
03d96dd2a63a9a87b20c2b80f6fe58764e17b0ca5de4c02cee87a85e1b66bb66,campaign_03d96dd2a63a9a87,0,2022,train
aa34c2c800d536a112a40c158af25c50e855bcb5916ef74094cdffbc526eef03,campaign_aa34c2c800d536a1,0,2022,train
fb899c1f4446d588f427f54f31d27fab17d22fdf9a6528d7dc9a83c4bfa9059b,campaign_074b5674d6c031f7,0,2020,train
074b5674d6c031f77f55a0ce6d224e5b593f5606b7c4cb7ac0a6d966bd3d4dc1,campaign_074b5674d6c031f7,0,2020,train
d25584891f9e87aba5bc9bcb2338d0c1d3db31e99437222d73ce097084f918cc,campaign_d25584891f9e87ab,0,2023,train
86d8078b50c429f57491c7d2e57a5819f47f53932c8c8426a2e5eaf5e5816c3c,campaign_86d8078b50c429f5,0,2024,train
61c92c54794252a9cc80800f11abb884d36cb194fc57aef51ceedfa61fbab795,campaign_61c92c54794252a9,0,2020,train
a19ea963598e76430b9a3ec3418e2df311a3150fc24a728cb8cbae6e068b2c08,campaign_a19ea963598e7643,0,2021,train
3e79eb3eb7a4d5a217ba3d8022f0bd1320895a12ac862efe236d28ec4bfd4dd0,campaign_3e79eb3eb7a4d5a2,0,2025,locked_2025_holdout
7776964ab7b4b35bd0ab505ff1bdf3ab97f9c310b91e2b82a322c3d75f24e2a0,campaign_7776964ab7b4b35b,0,2025,locked_2025_holdout
ef2caa85959cd7c1e892a998a39f9c802d498131503c445598ca3f437e54392e,campaign_ef2caa85959cd7c1,0,2020,validation
aa562f95e6037c4aae23a5b705088eca225e66ffdf3a6f8b1bb135feb15330de,campaign_aa562f95e6037c4a,0,2020,train
c9a8042cd3a1ce69459f606c496e3c9939e3dd51ab32ce765245e9f00182151e,campaign_c9a8042cd3a1ce69,0,2024,train
47d78fa8bfc693daf16ac727f4fb97d2f43d21f8012a8e397291c1b4cb6c769c,campaign_47d78fa8bfc693da,0,2019,train
998dd9aa1e432903fba44ec2230ee908f630ccbb3d5a5ce332bb9d00741fceaf,campaign_998dd9aa1e432903,0,2024,train
db3303a48a912c0f1b8331982eb7900cadc34af0da77673a58416df044145b27,campaign_db3303a48a912c0f,0,2024,train
a8e2ea5d9f2589f7037837259a8eae451a2abc7d213ce97faeac8971335f0827,campaign_a8e2ea5d9f2589f7,0,2020,train
0427918211b0a3a7e47d2352db0241555279d339a9fc5e2fe5115e159e187545,campaign_0427918211b0a3a7,0,2022,validation
6e90042e2a551f5b54f5b98f6c1f689990a1958508dfb8e8df2a7e91f6992627,campaign_6e90042e2a551f5b,0,2020,validation
af5669cbac93488d57a830ad3d4d5b4134bd1ef72d688f052eba6ea75a0afe8c,campaign_af5669cbac93488d,0,2024,train
e71e326d9a82780e9ff6f35a7b8744b8f57bba0e8225625b12191b1bb2a8d51e,campaign_e71e326d9a82780e,0,2019,train
aa15c28b303805834ce18e48bd6fb32a7fdbfcb6aeb378c0ada04f8dde5b26fa,campaign_aa15c28b30380583,0,2020,train
b6e34a3d6ba4bb2dbaa93260c7c6bbfad634db572fe90de55864f6dd7558c16c,campaign_b6e34a3d6ba4bb2d,0,2020,train
46fd530011518ddb379dcf5563d7afc461cf3bcfd44c477a9a7959152228c19d,campaign_46fd530011518ddb,0,2020,train
e99c0eea67c68733fadd48f02cf9bafcec9b9c4e4392024dc0efe8dcf6714f7e,campaign_e99c0eea67c68733,0,2025,locked_2025_holdout
76f34dadf441225bf2d42aa9bedd46c18131ed23cc05393d23fd701ab59e6e93,campaign_76f34dadf441225b,0,2025,locked_2025_holdout
2519d379ec3a66cb4d50ef5e88fdb25ccff30afb8cc917b5848c2e8054049f13,campaign_2519d379ec3a66cb,0,2018,train
e9e4eb3fa0679a5eb75f47d88c864cfbeeff435d4bac66bff98dc379d19b25d2,campaign_e99c0eea67c68733,0,2024,locked_2025_holdout
294cb39d7a59dd4542ad43b68f9a5a8a0d9f612563be84540ab738d34366742c,campaign_294cb39d7a59dd45,0,2021,train
209c16d4f9eb7692572bf94280a82abf92498d34e216d850ca87ad9b14ecb0ff,campaign_209c16d4f9eb7692,0,2025,locked_2025_holdout
b618b99b52d5fe803c087e1ca07d236d4314a6f6adcdd8a5d134a734b033c8bc,campaign_b618b99b52d5fe80,0,2022,train
c6f0ba9d4418d1525dead8803a82f27610a98bf85f621c7a352f902d034945d4,campaign_c6f0ba9d4418d152,0,2024,train
e868124afd467aa45aa8f47c86cc107143bfc866548f7b42849696e0f50637a7,campaign_8e9059977024cc1a,0,2020,locked_2025_holdout
3ff6b023666ab6126734249aca88a58df659d97719511dda56887273b5203649,campaign_3ff6b023666ab612,0,2022,train
f5cdaa221c3ae2c5919819046b6d818b959d6fee6323476197951484d7d81158,campaign_f5cdaa221c3ae2c5,0,2021,train
59c5f46139fe5b6489fc6302a154886b6419d6ba256957d245a507be161e1085,campaign_59c5f46139fe5b64,0,2020,train
ab41de44cb9699b36e7a6b13b6cbe030033cbb5007e2222758eeffffa2651193,campaign_ab41de44cb9699b3,0,2025,locked_2025_holdout
48da3707873a8c092740f4b80fc0ae47e73a5bb5c4048aab1dd1ece8f2dffc43,campaign_48da3707873a8c09,0,2020,validation
8e9059977024cc1a00d273a3b7d9a3f361975522c568d8672beb595a78575095,campaign_8e9059977024cc1a,0,2025,locked_2025_holdout
1a5b04a2d12d4eabc928af6e25671141cd6de982e94ebc80e16e7e23920fdd84,campaign_1a5b04a2d12d4eab,0,2019,train
7ca93aa6efc25f66092b71b7544bd4ae4804cfd7bb1b033bcbbfde0228fd0396,campaign_7ca93aa6efc25f66,0,2020,train
59de97d6cb857e89583be184f1c00fe7cc29c196049e71faed45df96d69068fb,campaign_59de97d6cb857e89,0,2025,locked_2025_holdout
7bea1ce985d5de1f7530b6b30031ed3635930d96deada331ceb7060464b0942d,campaign_7bea1ce985d5de1f,0,2020,train
71ba8015ea2f22ba9ee804a5068bbac28e145659f46e69a7ecaa90af458f3e43,campaign_71ba8015ea2f22ba,0,2020,train
a96b2d12ef88ca9630641951424eb3bbf3fa0138740ae2811364afe9d3958d55,campaign_a96b2d12ef88ca96,0,2020,train
6f6fa6b449b1093d258d364f6d07c25d3d1915f7900f74871a0fadb6a554bf74,campaign_6f6fa6b449b1093d,0,2025,locked_2025_holdout
e1559c1df580aed5c0d0bfae57c734bcc003ae4b63eca61304c220e2b9488418,campaign_e1559c1df580aed5,0,2021,validation
a462598d3fbbec4986fe208d33efabdc44394b9150bd9d808ec339f19678e502,campaign_a462598d3fbbec49,0,2022,train
b796d92b8f1b2664cb74a215b3d16d9a9e3ef3620ba4a574ddc1f15d6d8c1a23,campaign_b796d92b8f1b2664,0,2019,train
fa514a0a76b47a053ccb1a78243b4b84b18dad5376fdf2ad09075b11e78a099a,campaign_fa514a0a76b47a05,0,2022,validation
1da45c771bca6730e9a19e25d57f81f2ef284b22d3083e33077fd8a74dbf3f46,campaign_1da45c771bca6730,0,2021,train
54fec6b102c48cda2c5f1ac1b9eeb630f3861256beef8919939da02369bcd545,campaign_54fec6b102c48cda,0,2019,train
625ccd3b737497b869f5d4710c47d85624305a4de705b35b17ebdfce8fc8dd2f,campaign_625ccd3b737497b8,0,2020,train
aae0e3c0651c0fee4f79974dc02be61d60282d0c20c2c2a58ef23a3828db7640,campaign_aae0e3c0651c0fee,0,2020,train
87acfe55737d643d9a5fdcdf1b06d5a726a50d1898f4ac3db26f6bf7bdcb902a,campaign_87acfe55737d643d,0,2020,train
cd3c3c224ca2ad33e793e5a6d8df9287a261303ffed4bbee85464aefaf03015c,campaign_cd3c3c224ca2ad33,0,2025,locked_2025_holdout
1a6e883ae66887f088caffd0071c96405aeef8f105105df5e380fe687d5b64eb,campaign_1a6e883ae66887f0,0,2022,validation
f3b9848598b7b2056e4c72f610b2364339a5394912c4e4d7353c4761ed45c96e,campaign_f3b9848598b7b205,0,2020,validation
be9fb78aec06f2aa01545cdf2c655182e5aeae4f33dc5c865a0bc68ed69a56ea,campaign_be9fb78aec06f2aa,0,2020,train
89556dd165691e67ff556b51ddd3d936cae618239651c7c37d3543f42e854715,campaign_89556dd165691e67,0,2024,validation
fb630c90bb86af3a45044f9932c58934015b1cec7d5dfef97fdc027238f3e6be,campaign_fb630c90bb86af3a,0,2021,validation
b42bd7ed01ed009c191e9d6f6d7bd101ca57ecf9e9d7dddc83e17634c33ad1de,campaign_b42bd7ed01ed009c,0,2021,validation
32ebf6ca4703172c207cba30461db444f984f52fbf26ce4323c934e4c2c1a62d,campaign_32ebf6ca4703172c,0,2025,locked_2025_holdout
9d98ea6ccee07b00423926411d77b44849da6edf1070d57c21793e191877fbe6,campaign_9d98ea6ccee07b00,0,2022,train
1e82b7a11d22529100b52b05b4df8e93a375e7afb4b005dac697ec94493ee5dd,campaign_1e82b7a11d225291,0,2021,train
c8ef35109f50eea1fd4222c5620d6c2a074344747ecb1d26bfb874c06ae02b34,campaign_c8ef35109f50eea1,0,2022,train
8954d597b95cc85b416e72714178252f048fb1ef1f44a02e0abb4b5052e2e251,campaign_8954d597b95cc85b,0,2020,validation
5084ce754b9a7749e208fb9afb6baaef4fc8c3650704319df389e3edb30d3a0a,campaign_5084ce754b9a7749,0,2019,train
4b5ccc796d6751d94a0fe88431b5a5515f5662c7a6ff37a7be49e8c6af34c185,campaign_4b5ccc796d6751d9,0,2022,train
a2799e6b4b48dc1e6305479601a056f89a23917b5fee4ab3799706933796db99,campaign_a2799e6b4b48dc1e,0,2024,train
a5a1890d3acdf2d1395de1232f1b82924b73f979565fab2cf1fd0d1c47a2dd3d,campaign_a5a1890d3acdf2d1,0,2021,train
2ae4a78c10ce9562077345e3c8004b32e18599f8b6419a667062360723e07f64,campaign_2ae4a78c10ce9562,0,2020,train
a5da7b3133c9b9b8d94ee6200ef0a32f85378841dc0472b1faa8317e053693bd,campaign_a5da7b3133c9b9b8,0,2023,train
5e7a5aa15d328844c7ec113165f6f04b7e3ed195b2d8219bdaacd85a6bc421d1,campaign_5e7a5aa15d328844,0,2020,train
a92f72ae57c131370ba7f76601e4c0a76210f2659486e2bc23eb4c13bcaddb00,campaign_a92f72ae57c13137,0,2025,locked_2025_holdout
7cd7156989f2c395c86e96e47b889b1f11db272321c404cbabe248981209a712,campaign_7cd7156989f2c395,0,2025,locked_2025_holdout
53bcce497c011392cded2c9a2260bd7f4375ae77eca121644a07dc0c815f12fc,campaign_53bcce497c011392,0,2020,train
7d44513fd1634ae9d4690d9eaae71ba0418279314b7c4d480c7dcf593be13f7d,campaign_7d44513fd1634ae9,0,2025,locked_2025_holdout
943d8ac85a8da2990f8d73a6850475b6ebbe8e79797102800f220825f68c01b4,campaign_943d8ac85a8da299,0,2023,train
d36155be1f3605c55bc95431acf7dd50fe5d99d492ae5900c6e2a31844c5d1a2,campaign_d36155be1f3605c5,0,2020,train
539233e7013ead8c55a94350dfadaa85218a80d1ca30616f3aed804f6caf16fb,campaign_539233e7013ead8c,0,2019,train
ef836a904ba8323897fa9bba8d7b383e12c6129ffbb6de27106be7693ec07743,campaign_ef836a904ba83238,0,2024,train
ce2cee3809b7e29a3d5aae88d075f69e42e81f623f499b167c81fd0b10c72cbd,campaign_ce2cee3809b7e29a,0,2020,validation
fc8e1c4508ab609a59ef59ca815ded998bc8bcfa3a0f95083df9e9a66b1dde9e,campaign_fc8e1c4508ab609a,0,2022,train
96133dc9a4398869d941802615917a2c392ca5ea8c1ace208c97b2491fa7da7e,campaign_96133dc9a4398869,0,2014,train
c7c436507243c9010ff810c7601b96372cca91d078b3df47a3612b00efe37641,campaign_c7c436507243c901,0,2020,train
6f9cb8a21062b6afbba6a04227eddd913554647fb1fabdfb1f3ff45778dc259e,campaign_6f9cb8a21062b6af,0,2022,train
16e8a80ad029deb12120cf50734bc6fae8e48a19c28cc92e776b505e329d2fd3,campaign_16e8a80ad029deb1,0,2019,train
10ff0eb742e44fd757a5f857fc4ddc9fa9bc78c0466ece97b09000a9038cea32,campaign_10ff0eb742e44fd7,0,2024,train
aaa819eda070cafdfbac8326944689a30c3f5c2c8e250ed6293c132419fce64b,campaign_aaa819eda070cafd,0,2020,train
cc665fec2e6124d182e67631584f8cc2fe32d868cf62104d729db72b9f9aac3a,campaign_cc665fec2e6124d1,0,2019,train
53cea61bff2eb3f02db44f30ff7cae1d1c4163cad144e7a902d7fac57bb8be7b,campaign_53cea61bff2eb3f0,0,2021,validation
8dddc3f20242a19e3313d8477e38a0bf87abcddee70251671f615e358de492c8,campaign_8dddc3f20242a19e,0,2025,locked_2025_holdout
d576b4a6c95fa1d6cbe982342709196bc5108ebaf1d7649695104e1bdcfe11ba,campaign_d576b4a6c95fa1d6,0,2020,train
c984e05413e49e3973fa2ceff82a46fe20dc85687694801661fe582633a83d64,campaign_c984e05413e49e39,0,2025,locked_2025_holdout
724a47657f477954a0bca6e4c3ddca0ae1c75cbdb7a59b93381126c1492c30d5,campaign_724a47657f477954,0,2023,train
134c9c0ff4806d71f023960e648ce8edd3376626133da03d18522818cd4cba2e,campaign_134c9c0ff4806d71,0,2020,train
12aa6825fdb42e1a1c5f565b3fdd08535040c6e2e8fb7f083ab100b4fb3f67fb,campaign_12aa6825fdb42e1a,0,2020,train
36238c9ac06ce8770b9f6387ec13334fdd1dfb8e65cbc8fbef5d5e28b1805ab1,campaign_36238c9ac06ce877,0,2020,train
a33f1fefa66a30468f49730fcd4e5b6588fcb72c5cbf5b7acbf913c3799da84a,campaign_a33f1fefa66a3046,0,2019,train
62ae648d4f5f42ad89c193fefcbe26857d432dd7a6e5a7bfd01fef8f6a352e52,campaign_62ae648d4f5f42ad,0,2021,validation
aab4c46331ecf23264cf5e698b9587074780fd92e7d1045f56f14fd4f24f83e9,campaign_aab4c46331ecf232,0,2023,validation
2a70c44038c04e4cd91f8f33ff56b41aef35f0a23c676f4a3f096b780c7b8de8,campaign_2a70c44038c04e4c,0,2020,train
4373adc6060841d94f3187b10f91a7fbc6c3aae93d3fe7b2d846a9191e41c4dc,campaign_4373adc6060841d9,0,2019,train
87463f453167205867bbc30c578906e09c37f57046500fbb7cfdcb98adb7a6e8,campaign_87463f4531672058,0,2021,validation
a6338e6d64ff0fb04fbbb53607d49ee88f7a8dbeae8c469ae2a15606e2e4bfc0,campaign_a6338e6d64ff0fb0,0,2021,train
22160d32bf08a93ab17b41e1519c2ae9fd4712aa476b7ef6961b37f4c022f44f,campaign_22160d32bf08a93a,0,2020,train
04fe8660c30424963b4443989d04beaad0ed7bcf968b6c9d2142316daa5e8b94,campaign_04fe8660c3042496,0,2020,train
a848b1170b47e7b12d330534589ffb43f20f2af60745d0df3dd6a98ebffbf707,campaign_83aa6472b8e99ed9,0,2025,locked_2025_holdout
83aa6472b8e99ed955fa9f504d0cb7743d2e9d9bc589eded919003a90e5636c1,campaign_83aa6472b8e99ed9,0,2022,locked_2025_holdout
00e9beba7edeb5b449aac06ad3590f6b74eb421e19956cc1f3e950d61a36f4f0,campaign_00e9beba7edeb5b4,0,2024,train
744c52c34521f1f43e4273960f0401dc6f57d302b3bdd4c613d85878543da377,campaign_00e9beba7edeb5b4,0,2021,train
31ebbca7ddc141b0dbaaceef75174f4f0565f5395656506cb893017afe13da68,campaign_31ebbca7ddc141b0,0,2024,train
a0c6ae180ad809ea3d0d739212866230688bc79f788950c5452e4413e0a2a642,campaign_a0c6ae180ad809ea,0,2020,train
a740e20f8404241f59002517446ebe9f2652dd55e8d29650406f65c8dca95f5a,campaign_a740e20f8404241f,0,2025,locked_2025_holdout
0135c770aec02dc2fa1bfaba6a7d843466fa07bd5b047c757ffbaa1c0b393495,campaign_0135c770aec02dc2,0,2025,locked_2025_holdout
cde3db0a7a5520a805db227808c9080ea89cf5a5f86105dc28ab48ae7dd35e6c,campaign_cde3db0a7a5520a8,0,2024,train
4c9a1c0e38d7c49dbbc0f5f0a0aa07447f5d7b66386ae992443c8de069fb5b91,campaign_4c9a1c0e38d7c49d,0,2022,validation
1de01fb522783d3ec20efc58a7b3e0ec02608b1c0165f620816cfef6a35372ad,campaign_1de01fb522783d3e,0,2021,train
59156c917f62f0fb0892ee9a899396fddfca627f648044e4528b354dec8679b4,campaign_59156c917f62f0fb,0,2021,train
defbeb7e0c7de73c3bf0bdb61da9d03b7c0df5d7e6ffa50b64fee51cf78fef74,campaign_defbeb7e0c7de73c,0,2021,validation
705c53ba206a9ca01f1378287270981d43947679efdbf06986d0268c0591c640,campaign_705c53ba206a9ca0,0,2023,train
bbf9476f3e04ad444413a6d60d475a13404d36793b73dfdc0415778d26d94e64,campaign_bbf9476f3e04ad44,0,2020,train
7fcaa1f3071d6ee87dfe4882dd47681086bce238bb649a739e9845cc496c9ae7,campaign_7fcaa1f3071d6ee8,0,2022,validation
725a4a2c0380fef598c3d1aa75ee31a84679d1a9a9db73581f71880704c4fa7c,campaign_725a4a2c0380fef5,0,2020,validation
5d4c5ec7236ca3282e00aab19a96b1f97f7def35b4bc7fcd18ce4026e0418efc,campaign_5d4c5ec7236ca328,0,2023,train
fd5773e9586a9f3b2dae1505a9599161efcc7b7130fd0d829e71f403361e0382,campaign_fd5773e9586a9f3b,0,2022,train
efb74fd5e446cda2c638d2a9bf7aef3be4beb8ac2553f69600f9191f88ab14f4,campaign_efb74fd5e446cda2,0,2023,train
00b6896969e77dd829f526367b8a0c9537656de4b16256c338fc8ebdd9eb2f04,campaign_00b6896969e77dd8,0,2020,train
f960043a9902133737bd4b6512c41c98715745fbe210fe7fd77f24364760eb66,campaign_f960043a99021337,0,2019,train
9a3516ec00f4b6157f1b5055c49e9d4680885ca606c1d8334003e2009466ae29,campaign_9a3516ec00f4b615,0,2021,train
74433aa6c3e703ad32b87cc0b8a3aafaf5179fbf816ac62f4d32257751f4caa6,campaign_74433aa6c3e703ad,0,2022,train
63ff8195cf33a2fc9e67431229d6fe63f2d9156d3c11e4137de350db2c3b910b,campaign_63ff8195cf33a2fc,0,2021,train
c09bd8334ad10a1cf4cade92c8cb2d18c22a517c414bfa3d061c4369b64c1db8,campaign_c09bd8334ad10a1c,0,2023,train
8f96520404049d345133f6f1517bee71885add9c44b76c994a8665edcd5f5325,campaign_8f96520404049d34,0,2025,locked_2025_holdout
36dd1cc7509755235ef88ed52ec7dd2bfcb37ecc896e1d6d1729d5e238219f50,campaign_36dd1cc750975523,0,2025,locked_2025_holdout
77dd805dbb15d5442ab20002ac4cccb019aa77f76941c471771051201d68ff02,campaign_77dd805dbb15d544,0,2025,locked_2025_holdout
732f2e466fe94aef606b91e8c203f31b334cb0a4679e62ae20c1f7ad5c7b09a0,campaign_4d836d8c9ac00db2,0,2021,train
79a1cc290c905f274c025c79bdbaaac6d81396dd279d452b21a2d5af13ab4488,campaign_79a1cc290c905f27,0,2022,train
29a6eabc41b7fed7d2dd06a307a7ff79a3e56f2dbda95db6cf866f7708da24fa,campaign_29a6eabc41b7fed7,0,2022,train
4d836d8c9ac00db2a158a85a72edefa7310ab6d020743dc7f656940857f84747,campaign_4d836d8c9ac00db2,0,2020,train
0c5cbf9794d4b69584ca6f86fa84aecfb48e6700cc05c6bae9d6be30519619a5,campaign_0c5cbf9794d4b695,0,2021,train
4266eb4c53c2d5589d813f94602870e0ce501f8006580b78e8ba1097ab51ed19,campaign_4266eb4c53c2d558,0,2025,locked_2025_holdout
6f524dede31e318aa5ba9ef81b8397363a2cacbd8d6cf1ab9e2d55a8be98d8a6,campaign_6f524dede31e318a,0,2023,train
2526c8b2e72b83c92bc32ab8b5e7f55dc76ad1b491b55fef63412d084c2a3207,campaign_2526c8b2e72b83c9,0,2025,locked_2025_holdout
d2d167dff5daeb5eab80c566a7b3b395e61c1d2d8d707e50fb993751c15c127c,campaign_d2d167dff5daeb5e,0,2020,validation
d8144f1b10b87ec2e71808727ecb552b8465dff7179874c74dd99c41fdfe106d,campaign_8cbf468542c17da1,0,2022,train
8cbf468542c17da10ecaba1ace124cbc654238669943c331a140b255427edb16,campaign_8cbf468542c17da1,0,2022,train
1562706c110f1d2a7da66fad3883a8d6c88cb16781ead82b11a3aad1c477eab3,campaign_1562706c110f1d2a,0,2019,train
ef7d699f70bcd93c0f8601b947ad0e267e3090324978ab02c9c94a9fb56b246d,campaign_ef7d699f70bcd93c,0,2020,train
0ce26573843ba4179002dc39f6e7201e3ce214dcd08929e790980cd14c1d4fb9,campaign_0ce26573843ba417,0,2021,train
2e7cef1a8d7b01d991110bed82b536a86d196dfebc6d297681f99dab97fce914,campaign_2e7cef1a8d7b01d9,0,2024,train
3e63e7921ded1eaf68d3f00226214bfae8388b41674ffa8609d5a033211e9a99,campaign_3e63e7921ded1eaf,0,2021,train
b55b535fdb9bdffdf5710186a5f5f3a47e976daa140a586dd392eb2303568fe6,campaign_b55b535fdb9bdffd,0,2022,train
11ef4ef4d0fc9199708c3fc2886452651d89f80ebbbb63de31474e44d63a6f8b,campaign_11ef4ef4d0fc9199,0,2020,train
248ac0bac73f3b41216edbe3cfc82d507fd0647a7f958370aa058b44e903adc8,campaign_248ac0bac73f3b41,0,2022,validation
83c9f830a6215f8b42215ecda4a64c9dbb008b3a0b01c466cca7a3feb9a1dfc2,campaign_83c9f830a6215f8b,0,2021,train
842356a3b13e38d64f08a3897c6c14ed5ad9c5037393c9ff24c33f0b91738121,campaign_842356a3b13e38d6,0,2021,train
1c293f2122ad7b3b56cf2837157d144dc67bae7e3d7a5b56c884d010ad4d383f,campaign_1c293f2122ad7b3b,0,2025,locked_2025_holdout
c8cc21baf3d3d19e1ef8b07d31e6bcc3f195d82c957cde222dcb4f1da624aafa,campaign_c8cc21baf3d3d19e,0,2024,train
6b62a68fd93fdec169c0cd17a6e78f1a907a0285c650e65c3fdf80da0e7cc116,campaign_6b62a68fd93fdec1,0,2023,validation
fe6eb2f878f5203912241f81743555b904108898cecfb7c903b7f28977b4ebaa,campaign_fe6eb2f878f52039,0,2024,train
5c2af9ae177b5dae6d2210ec731dd2b42f951cf898a05bb5c0bc19324f9c094a,campaign_5c2af9ae177b5dae,0,2020,train
3bc2f0c1203607fc83216905c85e697fc1e24013f10e8028f7ec1b4e848c7c49,campaign_3bc2f0c1203607fc,0,2021,train
abee4abe27639af12778a593aece1dc1b6b401d24ebdca53e341225c4b045bb3,campaign_abee4abe27639af1,0,2019,train
7a12a556632e1dcc05578cf9cefb2ffd9051aedf98f825fd5b980b9a9e0d72cf,campaign_7a12a556632e1dcc,0,2021,train
8618ccf6cf338dfad554a520acf7b1e8fb642b72dc4efc38df6d27e80a91722a,campaign_8618ccf6cf338dfa,0,2025,locked_2025_holdout
d6feee004ca8dab8c0fd9f7cfe2db914921f087ca12224ce085b34e11e894854,campaign_d6feee004ca8dab8,0,2022,train
019ff6940e8a598ea70a462dbda9d8dc6ed219e709c822f03161244a12fc88d1,campaign_019ff6940e8a598e,0,2020,train
f056adbfeee2057e139ea429c98624bb1a5fba2211bf4479bb1eba78813ff5c1,campaign_f056adbfeee2057e,0,2023,train
eb5d0f360c0db6bd8adc9dd826864207a1623f0686aec99679a7366281da07d1,campaign_eb5d0f360c0db6bd,0,2020,train
e299f3bd44abc9bcfb01fac30b1f011602b51abc7d5543162fd92f04602835fb,campaign_e299f3bd44abc9bc,0,2021,train
fc72f0f15057d6564e767e8b2aadaba0e8a13ee7bfb0f45463c8aafd4adb45ca,campaign_fc72f0f15057d656,0,2024,train
ca2fdd7b3ca4d395a43a233f4eff17071c696125fa4e9d41edd8bf3cb04d1498,campaign_ca2fdd7b3ca4d395,0,2021,train
c0d0a4f94c3bd1763c0c68a857c3f8ee28e3a6fc02e8bc912eb7e3f5f50ee5ec,campaign_c0d0a4f94c3bd176,0,2023,train
6e97e9b451ca70e2e06026bd19b16fca602fafb61d857350bd43c9bc0e43efaf,campaign_6e97e9b451ca70e2,0,2022,train
364b3741e6fc7d958ab0d929270d72dace5076537d79892b5fb85933e3f8c155,campaign_364b3741e6fc7d95,0,2023,train
eadc6205e873a448fff75f17cd0203ef735fa0b6b698801e4274db99da5af9ec,campaign_eadc6205e873a448,0,2024,train
120dd2e72484fd32ec24f883a35a4661992a83e53b0932be7d09657fbcf1848a,campaign_120dd2e72484fd32,0,2025,locked_2025_holdout
15b48da6fe1f5a62f92be12b4e4cd2045c3a68068d129122e4de6e273af504fd,campaign_120dd2e72484fd32,0,2021,locked_2025_holdout
50220679c9d28b2f4a94b9e560444d2bd33b3ea8a0cdf85593665917a89c75b4,campaign_50220679c9d28b2f,0,2020,train
35c7d0bda2e350102f04d7255f7d1292c07a8627ef3907d51a59fc4fc7ca62ce,campaign_35c7d0bda2e35010,0,2022,train
44fe75236e6bc421cf5bac7716e0e3673bfe53eec62eb77189bce7455d315888,campaign_44fe75236e6bc421,0,2020,train
f0cc364a1e961b7786132ca5463cb22557f70849cc20840b5e41bfa0f3d6ae4e,campaign_f0cc364a1e961b77,0,2020,train
dcb39dafd5d1f2131f625b99f78501fdfeff54c118c824ffc4e3332ae775a422,campaign_dcb39dafd5d1f213,0,2020,train
ee7096d09aa38c64a93bbe6dbfd30a9566f1c370f462f7ffc612e87524d0acab,campaign_ee7096d09aa38c64,0,2020,train
2c11d80a0a8d2adf2ca7065f84f010fe97ccb95ed29313aa389360da87e28da6,campaign_2c11d80a0a8d2adf,0,2023,train
d8cda72c5ea0e667b89248f4fe62e3f3c9b2521123f795ffdebbd6c9d88f0a3d,campaign_d8cda72c5ea0e667,0,2020,train
1eea198b0ed56f8489866e910ae4fb96869388cbcc6db09a1cd6505a3219f157,campaign_1eea198b0ed56f84,0,2021,train
65279c29bcf515ff827fa25b61f36c6c7e06b8a3a21fce54372496197dfb6e22,campaign_65279c29bcf515ff,0,2021,validation
6e2149385cdc88494283db05f662e44a55b83fe40b77d85c6dd9f74fb91c74d8,campaign_6e2149385cdc8849,0,2021,validation
2564bb0b88005e0fdac1b3fdd2179cc7976ba05155065130247a61baace583cb,campaign_2564bb0b88005e0f,0,2021,train
e07c01b8ff4c818497790e67509c38b64e19e2f8d83d5ad8d6969fa7ee8ce853,campaign_e07c01b8ff4c8184,0,2022,train
aca53b7f35e85c92dd4d66337033fd401a85c3205ade156dd5bfbb431d01eff8,campaign_aca53b7f35e85c92,0,2023,train
f52d4e5cb976f75813032d85b0bda9327b6ceb09ed5fc3bac09242eb67de6093,campaign_f52d4e5cb976f758,0,2022,train
0066b61dc05d6a6c3dd873ae1f328ebe1a64e0026952d122aaf27490a4320fb3,campaign_0066b61dc05d6a6c,0,2022,validation
5889cf73917182e7be712b5e84a056c673c5fe745c0e68a3e5cc557f5a7bc919,campaign_5889cf73917182e7,0,2019,train
eb00db92ce4d3ff290580a2bc7cf985f7c9e529c1649ae4baaeed701734848aa,campaign_eb00db92ce4d3ff2,0,2025,locked_2025_holdout
d81d041354090955538ed4603286d8e87070f47ced77923570cb2d91f81125db,campaign_d81d041354090955,0,2024,train
a9c0f84f51cd77a1946a893583c8bb19299cf3e30da0dec5129735e508964051,campaign_a9c0f84f51cd77a1,0,2022,train
9e88fd920ee48aee7ff8b2719c8ea0295f9288bd4d1c45b800d6b5e80ad996b7,campaign_9e88fd920ee48aee,0,2022,train
4119f20409b78996d46e88d0c5d32d82f089521641fb985093e8d6a8700b8db5,campaign_4119f20409b78996,0,2021,train
c5ffb431cf721686cfaec0d815f39081285eee642c9d7cf380e892c1f9412e5d,campaign_c5ffb431cf721686,0,2025,locked_2025_holdout
f632e5871fc97f4906cbcde2444e96bcec9853a2bf9cba6d35283c0e36119abb,campaign_f632e5871fc97f49,0,2020,train
f3a0202a8e0814ea70029c7bf7637cbbdbde4f4637e5f7b7326bc2e27dda823c,campaign_f3a0202a8e0814ea,0,2020,train
7d5b76fd105468ba1b263ef8eab193018cdec598e042862ea373b9c674a2c8cd,campaign_7d5b76fd105468ba,0,2019,validation
7212f7a6664f082bafe6c86d0ebd887a6f49919578cc4c6d5f509c2a1d81527f,campaign_7212f7a6664f082b,0,2023,train
b72e70eda6cd1123b19405102657a5824ac1cd1b80fbee52cbacaea1cc5b44a3,campaign_b72e70eda6cd1123,0,2025,locked_2025_holdout
f1e52329258dca084fc6a465a7be934dcfd5439de05710c51cc76028d7bc98a7,campaign_f1e52329258dca08,0,2020,train
f39d7b346d9a63ec1f5625de648558a0433b1c0044b68c55aad3a3e0ea90532d,campaign_f39d7b346d9a63ec,0,2020,train
725d04733af43604ea745cf44b98cf4cae2f54383c0ce53ebba6ad22aaac78e6,campaign_725d04733af43604,0,2020,train
6fec16e6a34010a8b774e1aabc3c5aec8fa06dab296768c2cd6d11b762b9c900,campaign_6fec16e6a34010a8,0,2025,locked_2025_holdout
5d00c3d6a8e3c0cb48ed6a77741b121904d7914754d0d1a42911b036a3792dd4,campaign_5d00c3d6a8e3c0cb,0,2023,train
51e3b0db2e138ab75919e7768a5ee16d12e11b441cde1a9a5d9179aa590c8e14,campaign_51e3b0db2e138ab7,0,2020,train
131b8e88720d8c02ac7c4abefae7a12fe3e04af4c991c99799079f18a4e3ea25,campaign_131b8e88720d8c02,0,2023,train
826fefd7a2162362044693ab42da69d204fb7a3cbe2f9dde28a128a18e0829d3,campaign_826fefd7a2162362,0,2023,train
af2ccc97cf9b173178bfc322558866c4c385cbad57261092eec6c06d86810038,campaign_af2ccc97cf9b1731,0,2020,train
351e485f5348eed5dc2d8b167d7cc96584b6b624337b208fbdafce9907647ea2,campaign_351e485f5348eed5,0,2024,train
f17720be0629ed964b00c62cdcc32b0638becc4fee7b94debf05b1e236523466,campaign_f17720be0629ed96,0,2025,locked_2025_holdout
cdecae19b2df1043caa987fd83358d6900405e65dfb83e9a4282eec4a569cf03,campaign_cdecae19b2df1043,0,2021,train
882dc18aec4deb6ea36c0fcea4c6e8c5612873c6d537a122e12294f15d947abc,campaign_882dc18aec4deb6e,0,2021,train
22d4c5a4b3d5d2c47edb6d1da047fc049323e9d7b9b7e55d54152a59e4a65494,campaign_22d4c5a4b3d5d2c4,0,2024,validation
0616cc8bd5b341dd8cf9211252444e3f623dbe5e95ad85528241da4ddc43bfc7,campaign_0616cc8bd5b341dd,0,2022,train
e518db942652c07f627aa8161546e17ed2bf7d17683e3c94d3bf3ef1b152549c,campaign_e518db942652c07f,0,2021,validation
599977b9d398fa546501d065fa651c15f07fc940aa85d637aa7bb5cd20d7e058,campaign_599977b9d398fa54,0,2023,validation
fdc21aabe38ca98414b70a3020222188646243c1dc5bd073c3390667454dac78,campaign_fdc21aabe38ca984,0,2022,validation
7e27d17a76e909008e5f497433bf6ed5f57623b845b9b75f9ce31cf0a447dd1a,campaign_7e27d17a76e90900,0,2020,train
2741cd628953f5d111b66b3dd07c861c9575799c3cf852f98564ce796b0bb35c,campaign_2741cd628953f5d1,0,2022,train
089c6865b2c3a84795fd4b166a4894cee93e213062c82bbbfb437f11c1ca7f7d,campaign_089c6865b2c3a847,0,2022,train
66753ddd4a8bd18b0bf9fa08eb00be808988c86b9683d98608fd5bf15458f71d,campaign_66753ddd4a8bd18b,0,2021,train
a6f5d242ffa515ff623128a29a2102cc86bcb0022b78e3c622fd13d30badaafc,campaign_023479f3689d69f8,0,2023,train
625639a8ddbc5fedd5e3ab63247bd775d1ba477ef5b17ef336f4c133d782e319,campaign_625639a8ddbc5fed,0,2022,train
ce6e979fb4090bb11a4c5443806ce2915ed163a75cc5de6ceb11609276708bb0,campaign_ce6e979fb4090bb1,0,2020,train
7f56aa2245b9cfd2ba5643df7bf619f4607c5c891e35c86e44453da7df89506b,campaign_7f56aa2245b9cfd2,0,2025,locked_2025_holdout
bdc03d99ac9013b852a749193a6234bb22fb485d5348e886a25f10c505139671,campaign_bdc03d99ac9013b8,0,2024,train
01f10fc8fef961d66ff4f15cec5f403e51e536450c531c77b55e04bccadf2043,campaign_01f10fc8fef961d6,0,2021,train
0f148c069128ee17508230f1a1ccf01225ba4cbb34bffc727f1437d59ade54d6,campaign_0f148c069128ee17,0,2025,locked_2025_holdout
023479f3689d69f8a5a151b1730abc7c7dae0e07b4ac8b1a33d3af027342f3f9,campaign_023479f3689d69f8,0,2023,train
f23d55e97a3242b8a69ba92d27eaaf58c96482d3f806646709f4e70e7fe2ac43,campaign_f23d55e97a3242b8,0,2024,validation
2c7de5fa2968160043772e82243e62ad19fc32bbce0d5880d9835cc6e3c8821c,campaign_2c7de5fa29681600,0,2020,train
f66ba60e5b6b6052d43ecbee5fbb48a52366f255285fbcd5c7bbac465c4d50d8,campaign_f66ba60e5b6b6052,0,2024,train
e2f7dd79a657d33a9184a56df09f6911cc0fdc961c15a2a9be4c7748c0ca3638,campaign_e2f7dd79a657d33a,0,2022,train
2922c7d064c467227b6bff30422296cab900439698d58488fa0e34a6b492495c,campaign_2922c7d064c46722,0,2021,validation
b4b4482728126d3d14bea17afa001276d89426310eaa2d8b93d7b67f8130c2e0,campaign_b4b4482728126d3d,0,2024,train
5cbdd13f4a7b48cfaa841d42e6db7e963e6f1e29244ecca47099f4f59ad26174,campaign_5cbdd13f4a7b48cf,0,2021,validation
fcc255eb54dfefdfeb6dd7d966ae94a9cd9ba8338885a9374c81b62a09c547d2,campaign_fcc255eb54dfefdf,0,2024,train
2a3729c8945f6f11590bcfcebfb67b0878002752fc537052e85e89e3863500cd,campaign_2a3729c8945f6f11,0,2025,locked_2025_holdout
3c9b4b74820a9aad224039310a64cb12b20b29ec9e51f57e342f1e462a393e97,campaign_3c9b4b74820a9aad,0,2023,train
a89c2ef083438eb67aae9ce0e4da25c1744c47c7c3dae14fb9bfa01db34e9b57,campaign_a89c2ef083438eb6,0,2021,train
390b2379eba4467429e908e1a3b2f60e8bad696491588cfb6bd23f1dba0de9b2,campaign_390b2379eba44674,0,2021,train
77ba375f3b813c7981f68de489575dd276f54c35035b2e31708ccd49d3790b7e,campaign_77ba375f3b813c79,0,2020,validation
f02afac8b462b907e65b7bfec16ffed303fa1c60b1504186d08e02e05843bbda,campaign_f02afac8b462b907,0,2023,train
c4627df38a083550f8725204b90a7cc64b5eadc478217a3f3109c3ba827043b7,campaign_c4627df38a083550,0,2024,validation
6f937b92d89f81f027007ba4dce519b23821c2cc7fcee11d25aed011852cbf81,campaign_6f937b92d89f81f0,0,2020,train
a9afcc3df17de73f5f8095c73620b4ff51d461d0348171b018fb0dc8c7add586,campaign_a9afcc3df17de73f,0,2020,validation
f868c42d35e729a5fb6209d19271be915f71e9441bc32831165af23dc80e7064,campaign_f868c42d35e729a5,0,2018,validation
399736599ac0b99c571d26de79477cd7a8d28ee6cdc89870df1cf72525efe8f4,campaign_399736599ac0b99c,0,2022,train
654b707697dc1892eb8d0ef500ab5c19df4d07a1ca0b369ddce11a727a54d649,campaign_399736599ac0b99c,0,2022,train
85d9bb947156e4991a04a812bbeb7c02d2b5d141994cf565cb48c382f5058602,campaign_85d9bb947156e499,0,2023,train
ec4eade0486c2df95e0f6741d8769da882c18769eb5f2c49542dcbbf2f1256f8,campaign_ec4eade0486c2df9,0,2019,train
c6a5ad3328ed92ba46a548c33c7ea20bca1cfb6621d47c7d25b38fa044d46d19,campaign_c6a5ad3328ed92ba,0,2023,train
e3caaee5e9adf369cffc40cb76d4bde4ed9e9df713a26397ed1c0734663152c2,campaign_e3caaee5e9adf369,0,2021,train
1ac17509350e5337999f5836a914acbeb3f0ab650a4135adc30a0c2bc0213045,campaign_1ac17509350e5337,0,2022,train
6c2de4325267c14d02ced743e317215e1d4f4d76e34fc7a1849c2e5d3a194885,campaign_6c2de4325267c14d,0,2024,train
721d0207074aae0fa7412ab45e2800426f1968280a711b248d0eed46f479b131,campaign_721d0207074aae0f,0,2022,train
9f3e5242de31824b209e9496a5abdf49cd63f755a718cafc72d8a2b19b4b8b14,campaign_9f3e5242de31824b,0,2023,train
4312da0b2139f633f611d66cb1ddca1970939c32c0eb0b71bee93bb71a87e607,campaign_4312da0b2139f633,0,2025,locked_2025_holdout
09ecd21f810ee90d4a2f26caa9543adc68e4d61c2d70d131298e3ae91c91114f,campaign_09ecd21f810ee90d,0,2020,train
cf49003b3f68176844a6099db51254e9d52da88d929b6ea7a092a35d36eecf9e,campaign_cf49003b3f681768,0,2023,train
594d2be40a37c9e012c730557e156ca8a5d24df2867f71ce697f595877cc69e0,campaign_594d2be40a37c9e0,0,2020,train
d2479851f550916ed129a8c562a2ed70951d561a95587302a3558439471a6322,campaign_d2479851f550916e,0,2024,train
cd1fee0cac571659996cfa1d54d459a699fd3a67a1f9d67857751a792c25bab2,campaign_cd1fee0cac571659,0,2020,train
db244cf9acfb0afd3199c5df2cce1baa06dc20c58aaf0a720975512dad0bd55c,campaign_db244cf9acfb0afd,0,2025,locked_2025_holdout
25691c1ff0f29e1ffcc38da31e79509d30bfb746b6761479f5d3826ceb199059,campaign_25691c1ff0f29e1f,0,2019,train
48e2f3c684dd5dd2afc438c8f6515e1ae9afde2752d32b8b8ebab87d05d44c07,campaign_48e2f3c684dd5dd2,0,2021,train
ee0de0c0b0a5e0d36ec95f79d725ca03b6277e231442f62aef3d07b28229c599,campaign_ee0de0c0b0a5e0d3,0,2020,train
ace2d7a3a98231611455b3015196ddc4023c541a2030aadccbf0d8a200ac9ffe,campaign_ace2d7a3a9823161,0,2020,train
8c956a84464a8f893404b71101673a3171061770ac95efd8b72fc5a41fd2f74d,campaign_8c956a84464a8f89,0,2020,validation
8fdee3c1be39a174b1496a0622f7cf809a6b3094b074ce9a75bd015ec8bc8b7e,campaign_8fdee3c1be39a174,0,2024,train
f89ffea5ee1d1b5cd21672f9a76680e73b7a52e836cb458632bbb821ddc0864b,campaign_f89ffea5ee1d1b5c,0,2025,locked_2025_holdout
991f65951688476491f6a8733c54ad4f33a043ac201764e96bff6f5a2c60aa37,campaign_991f659516884764,0,2022,train
a988944aaab470b3beff7970e01c135773d854b660ad2ac94eefe0ad9f943dd2,campaign_a988944aaab470b3,0,2019,train
d5f3bcfb2b3af906ecf2d19a4799f59bb5c81dd6adc22079aa937a1c00f727a8,campaign_d5f3bcfb2b3af906,0,2020,train
0919d0072cb0bc224577c43fb89f101f17650251772e3fe9909cc388f21daa6b,campaign_0919d0072cb0bc22,0,2019,validation
f426a9b2bd166b15071d78d5dd9ca14cebb77628ca225fa0f5b952de11c93dd9,campaign_f426a9b2bd166b15,0,2020,train
8fc18b5885837a3442d7c296e62e175af288aa2f7edf91e18007a9c186e0b35f,campaign_8fc18b5885837a34,0,2021,validation
57c60c94b3698c2a9f9622a61cf895e23150706ba627fb89216d1ae79c8c54be,campaign_57c60c94b3698c2a,0,2021,train
107bc8b31ab245f17b858e76482db270662f9c035438f9f3e4b124773908de49,campaign_107bc8b31ab245f1,0,2020,train
6eaa6fb38faeb0a987d3b6dae8caed75c76e9bc95ae6859e7a22f5b36a5db49f,campaign_6eaa6fb38faeb0a9,0,2020,train
9e5e780fd3f932df7fb38f0c0fbd2a6fa479dbed6f8152e38ca000917c4a89a9,campaign_9e5e780fd3f932df,0,2021,train
094add7322c68cf7044e3a0bdb2b0fc2daaa9f9b8666d46d6b3275070c8f9a41,campaign_094add7322c68cf7,0,2022,train
20c74647f586124382da8e9b23c0faa28be284d205693a1365aaef6a52532acb,campaign_20c74647f5861243,0,2023,train
2b495304df4c44e52231f7076f563a35a64ec58654dd1e91ebf30e735ead27fa,campaign_2b495304df4c44e5,0,2022,train
3ffc2be295be44e483c2c6245ad78e46cecb84db7566c9a8f839fd38299d76d9,campaign_3ffc2be295be44e4,0,2023,validation
d3fb6e99e9a3b704fe24eb665100ffa4a0a4cbe950acddfe54d6192bd01a4d89,campaign_d3fb6e99e9a3b704,0,2020,validation
2f4bbbdb84ad7c6d83d589b4bb6e0b9432acabb1b3a30c7546930646aa41c2be,campaign_2f4bbbdb84ad7c6d,0,2023,train
c1167fed37dda5d7980937f6282a4f66da5d58bcae1215289c242d000cfaa670,campaign_c1167fed37dda5d7,0,2020,train
146f99fb593a9753a5eb68dfd245451acd4ea2a41bd30f5a0ae3a710b4e89e67,campaign_146f99fb593a9753,0,2020,train
1c1e41b11db299e64f48937dc79637f7f44ff7f43086ce91d6c03155442b0243,campaign_1c1e41b11db299e6,0,2022,train
82b7d6928d52e631ab658785cb136845674c380e282e3ffd02e54a7836a8c162,campaign_82b7d6928d52e631,0,2020,train
f0597e74df327e79b592e81b77ddf1eaf46b53933517a477970b1fd35e3418fc,campaign_f0597e74df327e79,0,2024,train
7d360f2af52522ac66b17fd4cca3e55a4ceabe93dc6ea27124b31009983c1fb1,campaign_7d360f2af52522ac,0,2024,validation
960bef00f5921b432d3fa1e194c661a6e0e63c8051822f86abe9189adbd2bfe0,campaign_960bef00f5921b43,0,2021,train
c1417018bd06fdf5605703e0501d701f2214c6d7d6fbbc308c899839124f2301,campaign_c1417018bd06fdf5,0,2021,train
a63868fa2ac0d9880f7b90ff579388a7105855d9139c9105517d90743224ec1c,campaign_a63868fa2ac0d988,0,2024,train
731114d16bf35561a03d0986737ce93d0e197a9b3f3804845407053c6b3008c2,campaign_731114d16bf35561,0,2019,validation
fefb88f7b85662983514e54952fc3aa577c11d953116e0b3666291ed29a02193,campaign_fefb88f7b8566298,0,2025,locked_2025_holdout
3414f34de6389e82f6d4381b2b9235ef058c321a19aa6570f06faa51e4339996,campaign_3414f34de6389e82,0,2023,validation
5580fb7b72c15345fdbf3a6c517a7cbde0f0784bc2ace31c8bf47b0beaee06ae,campaign_5580fb7b72c15345,0,2021,train
1922e58e070c40fc87ba7387c64e21daeb0c442a03bd08dd1c7ceb6a481590de,campaign_1922e58e070c40fc,0,2023,train
430355adf85fdac21daba2e7c33aa573126244a90a313390aeee13acb03464e5,campaign_430355adf85fdac2,0,2022,train
645e2337fcedcf7a2710827ecd7542240fa7053caa87c1f2f83bee0a6e2df69d,campaign_645e2337fcedcf7a,0,2020,train
b54910912205c7574d01b732388f3661d7ae3cd91b6d880998e74f0294ef6174,campaign_b54910912205c757,0,2020,validation
92fcc04db54d1fab9bcb252ccdcbdf6721962dac722f0ab0c4a84259d9b0a81c,campaign_92fcc04db54d1fab,0,2020,validation
caeadf414986c9293143cb94c1104e98c3e399cf195b71767e056787c68003c9,campaign_caeadf414986c929,0,2020,train
28dbdd783380dccd2f9323a1fdbb60983f78ab8c4c81ddb7a4693aa09f99fedb,campaign_28dbdd783380dccd,0,2020,train
c4a12fcbbb83a20a5e326f7e8e45ca3b6d4810332fbbf8b7cb98a9e703916f99,campaign_c4a12fcbbb83a20a,0,2018,validation
5bbba782b3491f8625943b80aaa77515af4bc3dc4d83a0d6c41af9cb64c68743,campaign_5bbba782b3491f86,0,2020,train
3b1c32f4b44cd78985c73bddec8a0294fed6f7ed8b67f81cbcc5957c0a2da980,campaign_3b1c32f4b44cd789,0,2025,locked_2025_holdout
e7137cf5404f246c26790a865ceed69cc93e1529695dbf4ee9ae423fac445539,campaign_e7137cf5404f246c,0,2024,train
2268c9bf9ae336142983da76dabfee598a557248e8c8819fd4f2116a91f0972e,campaign_2268c9bf9ae33614,0,2021,validation
81c7a8f53352d132b4bfc002c20298d947543d6e96c72763f5811c272ecca346,campaign_81c7a8f53352d132,0,2025,locked_2025_holdout
9579cbf7f7ee06cf405a579158ebed17fbaae3d82eb227f7a432c17da448064a,campaign_9579cbf7f7ee06cf,0,2022,train
4f6409e44931884c0208739104433cad98a8e8434b10d46f768be3b88001803d,campaign_4f6409e44931884c,0,2021,train
a3b79f724370df03a3a3c99bda7ec88d5e187080aa8eef37ed17f7ba4bcb3b01,campaign_a3b79f724370df03,0,2025,locked_2025_holdout
74c8daa37b76790e31fc5bff19864526d15e545332205c8f685e2b843396ddaf,campaign_74c8daa37b76790e,0,2019,validation
0b2a7d623af10c50fc5e64404514226720e592353117abbb88dfa5459c24a900,campaign_0b2a7d623af10c50,0,2020,train
394282f4b5d2b7ac24cdf094ebfbf054d321ce46a18c69b75113c2a0bd7e7e92,campaign_394282f4b5d2b7ac,0,2023,train
eb3906067ee0e22b1b3471f32bc0e31a63a4a9d6b348250726cda1b74263259c,campaign_eb3906067ee0e22b,0,2024,train
fae4f11ccf7c2c99a936b47b27b54f9cd6b2a87ac7a237485137297fecf37fb6,campaign_fae4f11ccf7c2c99,0,2020,train
71c5a42d3b425cdba20eef99f7e51287be3f1d89433153803d17cafaf69962a2,campaign_71c5a42d3b425cdb,0,2019,train
e2ccbc1cf24420ca7b4b034478042077ec3d16eeaf13ba2d79a1517cdcbae72c,campaign_e2ccbc1cf24420ca,0,2024,train
8a9e500fa52e34b09f55bee1234b041e0dfee77ec2a3149f51ac226aeb576137,campaign_8a9e500fa52e34b0,0,2023,train
43119dcfc156594c21aac937c2de4ea71a84c6124a2edb9de85c7cfe4e0df1b8,campaign_43119dcfc156594c,0,2025,locked_2025_holdout
77d935886a7945a328b285d0c11e60194126fc94cef2523ae71479ab8d111ef1,campaign_77d935886a7945a3,0,2019,train
e882f79706743c482822c29ff0be0e94e44bf69de23ce0b497b78c7ea4758d84,campaign_e882f79706743c48,0,2024,train
80c28516d2b19c008a957c3f176119ef1ddb05d9ee142fc44af6891cca39552e,campaign_80c28516d2b19c00,0,2020,train
386ef557c9dcfed5f14b10177d5a846076b9bbfc01e36bd8c34e8be4ae242148,campaign_386ef557c9dcfed5,0,2024,train
60aca9796335d9b8fad41a205a6fc5db064c3961da0e88aea644b701bae3f7a4,campaign_60aca9796335d9b8,0,2025,locked_2025_holdout
d8ed7c011c7ea955ae7cd48fbe3a1fd91d232b7686bf893c1a8801a00c985704,campaign_60aca9796335d9b8,0,2025,locked_2025_holdout
066c0d1c07f777a6a48dd33fd54b88fd42bbbdda810702c8b1c2f9995a0f4ff0,campaign_066c0d1c07f777a6,0,2021,train
0710ae0587ae9a484b93de501fec76c01ae20409f2732453f5eb21cbbe0a28c1,campaign_0710ae0587ae9a48,0,2021,train
3f78d1749919c341160b0cd50283d977f1b17843809a19081521a875aeab1d25,campaign_3f78d1749919c341,0,2021,train
c0bccd82a57eb67c01e363e9f802703c215aeb26f05294c4cf997da19f5a0ebf,campaign_c0bccd82a57eb67c,0,2024,train
55fe67443af391b2ee6c5290e8c0585f3eb9bf9c25c9e093eeb435a0402c5cf9,campaign_55fe67443af391b2,0,2020,validation
44b79c7be2feabcc7c7263a092a960e8f6e8e8fbcf488b78189d56dc7240fcee,campaign_44b79c7be2feabcc,0,2021,train
12244fe90238fa7a78dae7f476bef0c6e653f5b62610585e3f198e56909492f3,campaign_12244fe90238fa7a,0,2025,locked_2025_holdout
b42d9af2251b78d5e930ba5eaafc4eac99f33b49a2bad4ffa6186e88ae45296c,campaign_b42d9af2251b78d5,0,2020,train
dd33273da4ad56a43399286e6d33d47f4e6dd0db430b362a4cc155ea00eeca35,campaign_dd33273da4ad56a4,0,2022,train
aef2964dab27b17d515187b893ee748d207018eec167b5b695566f6cd884dfb7,campaign_aef2964dab27b17d,0,2025,locked_2025_holdout
dd19b97ddbeea9cc6f1c055a84ca82ba7d4d52e99383aceda57dbb1a7096bf09,campaign_dd19b97ddbeea9cc,0,2019,train
b744e320d0153031f72fb8d61321f61de7047fd9f76f4aebe5f3c11b1ba76176,campaign_b744e320d0153031,0,2024,train
335fa8d97e6bfd623bacf0e9b3779476f9ef9986a87ae42e90ddf41df71a1aed,campaign_335fa8d97e6bfd62,0,2024,train
631c016ed07eb50d14656141938d48496c86965f0b23744ffe97d3b2941a8d21,campaign_631c016ed07eb50d,0,2019,train
e46abae183befd1f831c880b5c86286e885142528cfb8b2d6a06843653072075,campaign_e46abae183befd1f,0,2025,locked_2025_holdout
815e3b564d6afbc6e451024e876b283c67c4c7c19108b2d34cef9916cb059d14,campaign_815e3b564d6afbc6,0,2024,validation
afd2423272057ab1f0758518fae529abf987c38258dc4b53728cd8a86cd9b817,campaign_afd2423272057ab1,0,2021,train
44a1ec878380d9278769a502abb55e457a426944bffbdadeee19c7c1579c71b1,campaign_44a1ec878380d927,0,2020,train
a344c34532ddae5bf9a3c0aa5e9240b9def83c2f2f027b1ad2b6376758997ed8,campaign_a344c34532ddae5b,0,2021,validation
d0f16f0a9b32f92bb5ea9f38b1b8c6a4997fc4e971a3b3eca83fa2da40f8ce18,campaign_d0f16f0a9b32f92b,0,2024,train
94227612f61b0b872351600b24c913adaa74b3e10fe6aaca751802f24b63886c,campaign_94227612f61b0b87,0,2022,validation
e9cd733093ceb86ea7d19e51761b0abf2d9b24c933e1672b020d3155c648934f,campaign_901dc395fb2de887,0,2019,validation
169f0e04585b275aec66deecd5309eb25f9bc292a7a762d513264b1a0394bd04,campaign_169f0e04585b275a,0,2023,train
548b1459627236328d38ae20522eb967d3d1f00f40ff5190a953a846adb516cb,campaign_0a40b0506d2761c7,0,2024,train
452968d0169d282baed33fe8ce0541d6c9a5d4c8062607643c6ec8efb0ee4bb8,campaign_452968d0169d282b,0,2024,train
f24d341c5d29c7ffe1b29d217534ee62d186a3541ea8be08792517fb3a3ff19b,campaign_f24d341c5d29c7ff,0,2020,validation
2640927782a15004cf67addbe722638727d7cd48b923f2472b87c93c5a14fec5,campaign_2640927782a15004,0,2023,train
d236fc0c406a86876280002f3071acee807fe4341dbd2d968aa91bcce698b490,campaign_d236fc0c406a8687,0,2019,validation
2d14090b49ab376cbe3880e17d2a6e9fcbb6fe0459114de848f4053e324672fa,campaign_2d14090b49ab376c,0,2020,train
2a0b0f00402041f39fccbe3da774d389a9a0fac0e52ea71c97d006767d0020b4,campaign_2a0b0f00402041f3,0,2019,train
b0c4384ac5eb8f4ab6fc1099c99cb6745cc3fcc66d1ce6fe40a541fc7c4b6612,campaign_b0c4384ac5eb8f4a,0,2020,train
52b3f286f3f75777882d7b2b4a86b2845043d465bbbd65645c2b3fa51a5117dc,campaign_52b3f286f3f75777,0,2020,validation
0e07eee32f3250f894ba023527152ec920cfded77666ec2c07d3c753f772b492,campaign_0e07eee32f3250f8,0,2019,train
cbc88ffb72bfaf99383084794ee71e0f165b434d56ef0be972ad58115ec07ce3,campaign_cbc88ffb72bfaf99,0,2020,train
fdd8745870ccfcb48173077986e85ee11ccef0a7e6cacb16a8ef6dc0f9e68779,campaign_fdd8745870ccfcb4,0,2024,train
19ff907992015e059c5bbba55d3c91b8cfa3dfb84943334a039b278713af32e5,campaign_19ff907992015e05,0,2021,train
4bcf6f62ec03e272ace22f13eb0eead8c4abdd002f67d0c13cd22d291b1e35de,campaign_4bcf6f62ec03e272,0,2020,train
dffce13bcdb465ec7ef7942dc7f44277f7c042ff7ff90b64915f835068fde50c,campaign_dffce13bcdb465ec,0,2019,train
0c2d4436e661cb4c3e73be41b0858de26283f48b2a289ca2cb050dd371f8de3f,campaign_0c2d4436e661cb4c,0,2020,train
1e62ee6265cc1221d96be4cb60e286148166dc4341056adf5691c6aa970f300e,campaign_1e62ee6265cc1221,0,2020,train
35c2389d88b0ee7f7647f832b524bbce995f9e7ee497fd6562c6bb5b3eb9c44f,campaign_35c2389d88b0ee7f,0,2021,validation
2652163d95fff33f4cb35aeb74a90737e0c585972bb428e96ebc341b57b6e94c,campaign_2652163d95fff33f,0,2020,train
7900ad06c901852892d3e589993c4bc795d89e21cfad916b96479af055e8a492,campaign_7900ad06c9018528,0,2022,validation
1bc422fce3c4077f99856b8a2e2429b4a2446fd8df3a8ec3b90329bcb7d5e62e,campaign_1bc422fce3c4077f,0,2020,train
463365b7591df0df947a053a3cda26d9bd52fb444837c1c09584ada03d9d894c,campaign_463365b7591df0df,0,2024,train
942d16837882481cf5f82116b7a8a976dd1455e0a606ddf85b806e6cce681b4b,campaign_942d16837882481c,0,2021,train
8301c6540b222c73470517ca727b592476aed5ea41cd98efcf89197721bdfdba,campaign_8301c6540b222c73,0,2020,train
a6934676dde721d67e16e2c1485362e66bb05765710e32d6ac4896faebcc35ee,campaign_a6934676dde721d6,0,2020,train
8ab422cb840982aeb5fe2fe27b6cd45aa858794ddf381b60d39c990b7a308c7f,campaign_8ab422cb840982ae,0,2020,train
1a426eaa71f08916a912cfcf8d37ec776b65491339bf7d956ecf4d82e08d2ae9,campaign_1a426eaa71f08916,0,2025,locked_2025_holdout
24d608cc9fd7c468818de4d6686d0c04fde9f47366f9d3ebef4ee294075d48c4,campaign_24d608cc9fd7c468,0,2020,validation
5a0c171701b528c81f3d811c5603e683f1c07e2e49e58d2ce696a2ae3500d4b5,campaign_5a0c171701b528c8,0,2020,train
f72b9bc34284c2c782afb952bda82357742afa8ba5cc34973b6040844e61fa5d,campaign_f72b9bc34284c2c7,0,2020,validation
f6428a68f5a3880d2aa47ccbc03eca7304a0a44f46f22b148b33a16874e43847,campaign_f6428a68f5a3880d,0,2023,train
d23e46cd36f8f95037abea7f10580ecafdcd5aef7c20106f3aeb5e0cba8348d6,campaign_a4ba27f8e4f94cca,0,2023,train
19f119551279b0b7563fbfc0be46860c5a12701af91eaf9c6d7ffdba5fdf09c3,campaign_19f119551279b0b7,0,2024,train
bfff1bab8d78e4a5c2b0fd661afc1ca2f0c8b83c2fe9f98a2d09452b5242a6a8,campaign_bfff1bab8d78e4a5,0,2020,validation
9ab679ff7fa09498beaeb7849e1388d22670eab3502468267b12439b8a155b09,campaign_9ab679ff7fa09498,0,2020,train
0f4e7eddce12492ad284f4b280c3697a641f4ae4d071f46fc8df4810ed3c479a,campaign_0a40b0506d2761c7,0,2022,train
008839b75033f5e2ad881a9040ece34a7f8bb82c78875d2ec8b12802a93df82d,campaign_008839b75033f5e2,0,2022,validation
17d4daa52833a90aad1722dfe1c6ef232067d761e959f5beb3f070a46f006487,campaign_17d4daa52833a90a,0,2019,train
abee2de37335ccff04a39c4fe7462d9a10e161e2da3dc500cb37ea3bf2f7fe98,campaign_abee2de37335ccff,0,2025,locked_2025_holdout
4b38ffb3534f696af642d06da1c044e06ca0dd6d240435ebc21871dae4d0fe71,campaign_2b61aa8a523c9558,0,2021,train
2b61aa8a523c9558367596a11a4c1a504c5e7e5a150dcca3ffdf16019b47e3bb,campaign_2b61aa8a523c9558,0,2021,train
abdfe72571bbf7db73146e5720000d3a611763a1242d77a65192d2437dfa1db2,campaign_abdfe72571bbf7db,0,2021,train
a9733b0e203c4e6612f394a44ac0d26796fec30757d9575f8f9af3dfd61dff1e,campaign_a9733b0e203c4e66,0,2020,train
e9a12ff836fec862503825a16940459c3dc9e5a481d867efbb028b34e9912c9c,campaign_e9a12ff836fec862,0,2024,validation
56e90428fc899502add013d42abbc014f511027755b59433c78ea61514beecca,campaign_56e90428fc899502,0,2024,train
5739a328f2379bba844c7afbc5b847e833815b94dc381e33d4848b541844adec,campaign_5739a328f2379bba,0,2025,locked_2025_holdout
a7b8a3cc19b159e7d743e39cd25c09167f8a07ba1c048194e5a303f97d5ee1f7,campaign_56f4b2f13ecbf325,0,2023,train
56f4b2f13ecbf325c2e9efb75bdcc495d1daea4a492c31708814fac8fa9fa19f,campaign_56f4b2f13ecbf325,0,2023,train
a3dcd6664939567599d50ceb21b388bdfc82e4ea0dd084b9b8e8284939718bfe,campaign_56f4b2f13ecbf325,0,2023,train
696d950a1f1937ad23e2bb22d074866a520fe58cf1eb92f14aecc4c3bd76c834,campaign_696d950a1f1937ad,0,2024,train
99e549edbb676df18bf3d7f6f1e1dd8998709f9f3a14ba98fd0418f46cd20587,campaign_0a40b0506d2761c7,0,2022,train
e82d2c3222cbaf7e52405d67050e6429f5b9d938627cd2135e4bc0c52430cdf7,campaign_0a40b0506d2761c7,0,2022,train
aa706eef046b373933b453d0ac28dfbcdab58dc506dffdf98ec80239705c255a,campaign_8996ee66dfa42062,0,2022,train
8996ee66dfa420620ed35b2131a86827913e0da49bd1c78e5f4358fb7e85cb89,campaign_8996ee66dfa42062,0,2022,train
f99d37cf35d24be1268c085b1986655dd5b5157515dcdcb74a0791227ceb637f,campaign_f99d37cf35d24be1,0,2022,train
0e97a9cbb666ebb2e29643a7792e6d9e3b3138f4ce29ac582555dee8da735b27,campaign_0e97a9cbb666ebb2,0,2021,train
00e486ab6ea1d18e4cf4f0e674befaa060e972929f6564b29ee63a90f2aaa2d1,campaign_00e486ab6ea1d18e,0,2021,train
9ffeafc263dad371944486738b30463ae3803673943e31dfdaf787a0ccd31531,campaign_9ffeafc263dad371,0,2024,train
b69ca8791e3154fa845299d7bb03765e00cc9392d913f0ef9b547d6fccf168a3,campaign_b69ca8791e3154fa,0,2020,validation
58d54137cac79305a0d40f9b9392a64a2a1af24aa61c69bd166fcac75fbd5197,campaign_0a40b0506d2761c7,0,2024,train
8b62f4f3b041945a082c4a2f4dd9fab07177524433c0f63013c6c7bff4ed1c9f,campaign_8b62f4f3b041945a,0,2021,train
f58b6e9eaa3c7a9a113afd94292728b3d9b2ca6f08f09f77814b2b7105946403,campaign_8b62f4f3b041945a,0,2021,train
75f07fa08305061fd59f422bae8b9731ee1ee8699422daf1953228c24d98be4c,campaign_75f07fa08305061f,0,2020,train
097b298a3ddb340d8c4190d6252d78ec3c24060683d02a76be4eac8245c07243,campaign_097b298a3ddb340d,0,2020,train
77fae0f4f58ddeba785390ef775f209a5358b8d250c9439a8ffea741116d597f,campaign_77fae0f4f58ddeba,0,2024,validation
b161e5f91cbd2d7f52dda48f2b5181900f6aef7d3faba23dbbd7bd14e5ec9638,campaign_77fae0f4f58ddeba,0,2024,validation
a4ba27f8e4f94cca0638d53cae7fedd3b5c580f31c9737d334ae91ec4a8e55ce,campaign_a4ba27f8e4f94cca,0,2023,train
b47666f90a98a2de3d991069d040a7c8016893b1029c170cccb96075f95ecf2e,campaign_b47666f90a98a2de,0,2020,train
a7920f839d4aa828318d4c6fecddd03207f3d8e0ee2e62d9cded1bc972e1db92,campaign_264455c538c87259,0,2023,train
3249d2bd00cc980c5791b47c72dbc536b2483c3a3ac6901e13693f8a3ba4b9f8,campaign_3249d2bd00cc980c,0,2022,validation
20d106c6d2a4f9a1d44e213001e86666b0a74a108b9d56320e2de2acb9bdd350,campaign_20d106c6d2a4f9a1,0,2022,train
f8037014a7c9339869fd135176e681656f518733b4695ad3c08b699631849079,campaign_3249d2bd00cc980c,0,2022,validation
3d9b72019538d4726fdb91c07c6640e1e854aa4077869abad84fc6897c341905,campaign_3d9b72019538d472,0,2021,train
a1edeaf821e243f1f790159ba9eeb3b8fa55f3b19c9390cafa78f99855e19022,campaign_a1edeaf821e243f1,0,2023,train
9b39753324c84e9bec5ac07027bd4d37c70c142cfb039f08e657795ac6b5aeda,campaign_9b39753324c84e9b,0,2022,train
9a67f042e4c50eec412b78b4adcbd7c85cc018c5e46f9532d2638365d303a2f4,campaign_9a67f042e4c50eec,0,2021,train
525360f9218fccb05b6be8e5a23afae36a85491a394c14c949f83024d9624bfb,campaign_525360f9218fccb0,0,2021,validation
d1b4c849c6c64d1bb1fcbc6cc6b598222c17355f9c6c4227a9582c942e78846b,campaign_d1b4c849c6c64d1b,0,2025,locked_2025_holdout
fc6ec9a4cb1f79eff7b6fabb56e8819190f9d9358649100b32cadd0a382dc0ee,campaign_fc6ec9a4cb1f79ef,0,2022,train
0a15ec1bddb650fd84ca9a38ecec0296587f5b6022bbf90512b57c3e611d6dc1,campaign_0a15ec1bddb650fd,0,2024,train
edcb4b9afca2584579749ebd2b760107bf30df4a1b20190517dfcf74c9844937,campaign_edcb4b9afca25845,0,2025,locked_2025_holdout
67f135df363af859e3a6cf98383704a7d82d30fdc6d78aca8fda622605126fc7,campaign_67f135df363af859,0,2019,train
711d9f0fe782edc97eaf17dc01aa843017d72583090b1bec18885395387e977d,campaign_711d9f0fe782edc9,0,2020,train
84e1f68460b2cd773703019f22e29014c1da665c6dda2bc86e9bb029eb4338f5,campaign_84e1f68460b2cd77,0,2024,train
c828a9babedcea336c5e22f1f92cc54573a0f792ec2a46a7232a72980ea80a00,campaign_c828a9babedcea33,0,2020,train
cdd7248ea38586080845a0b9f2f9ea84068a604e25d73c8c0a7dd8fab86a61b7,campaign_cdd7248ea3858608,0,2020,validation
7aca4d790facc996d57dcd5a5062e16150a71361d5794c7751646299b8e5a3e7,campaign_7aca4d790facc996,0,2020,train
bd55d297049233b5ef16471f3f520fc18deb7eb54bcd5ad091b9b4b62b593959,campaign_bd55d297049233b5,0,2021,train
6e36f097c52a3ec0d852d9869cd83730b245deeb95bc8175b4fdeb482f0068f4,campaign_6e36f097c52a3ec0,0,2025,locked_2025_holdout
bf3d2ba0a67edd7104178e1ef176faf48c691160f24ffee756cbff45a4e36393,campaign_bf3d2ba0a67edd71,0,2024,train
1c4add7c3284cf7add965658874c823a14cbf144a85e57ec72155bfb8fdf3851,campaign_1c4add7c3284cf7a,0,2021,train
550f956270420f928acd2190e3fa1ac48f0d680fadc182ea2c325ee8fa7f4280,campaign_550f956270420f92,0,2023,train
5db474c854b0c1f5a95427d5ce86602db35a79f1a661671accf53509f43faf79,campaign_5db474c854b0c1f5,0,2019,validation
ba87beb60c5af355455262e963c7c65cfd4ea4fe57aed4f2b4c8d6b7e0efd992,campaign_ba87beb60c5af355,0,2020,train
e67a5f931383cc28981974cd989de1379b8f8e99e17eb727f1b6a980f8cf6a61,campaign_7aca4d790facc996,0,2020,train
558f0c696fc38f88afbabcdd24ee49115dee8855a29e506069cf830489444817,campaign_558f0c696fc38f88,0,2023,validation
7c83bd5399cbdeed2474abf04f6ee53c9530149a8c103bdbb1d7e038d8b09508,campaign_7aca4d790facc996,0,2020,train
cf4bca31a1f491e77e8b7faf7445c49496a18d57c8891e1314499072dae0e879,campaign_cf4bca31a1f491e7,0,2020,train
6ff9cabd26408bb09aaac5d1da7567fc90056207a5b2da48d8bc607bdf6ce4b8,campaign_6ff9cabd26408bb0,0,2025,locked_2025_holdout
242ca696e324ac56ef381db068556c79d8f11ca5cb0224aecaa65f028bd80d10,campaign_242ca696e324ac56,0,2020,validation
2064f64d0769df2a8eb2b66465384af22fd123156e9f4bf9498828687206761e,campaign_2064f64d0769df2a,0,2020,train
d98266380d6489bd9cc2fa9e3b8f2ffa4d2c320e0c60f6fb627a564f23a8c4b4,campaign_d98266380d6489bd,0,2023,train
34c193d60fc8c38d4680b433da4d53dc986d559f9d460f3f69f2388305330268,campaign_34c193d60fc8c38d,0,2021,train
6e5a5a0893a07ba42012cabf7f868138dc693be9ddc8178d03f44f78187032c8,campaign_6e5a5a0893a07ba4,0,2019,train
3d15ff819dfbd2efe574640e86e0d19c292ffb1fb7e2a239c1dbd7d18930c71c,campaign_3d15ff819dfbd2ef,0,2021,train
86965f7e9b092e065e67601e2968afeae62a170802b8e7ed1b1c7c5cf65f8aa8,campaign_86965f7e9b092e06,0,2020,train
43e3425f9b21439883b58a06418a86bbb519fe3258423611c364b76ecdb95209,campaign_43e3425f9b214398,0,2022,train
9d534f17f89866b40d3b3ebe43565c731fd04d4c79299a1dd47b6404d37caa29,campaign_9d534f17f89866b4,0,2024,train
82ba1c4b934a3408acba155684a10078c4b0a716940460b19c0cdb7f24b21630,campaign_82ba1c4b934a3408,0,2020,train
db86247476fc6476e64424183d6ff1022f48abc1d9c1b8f8a977b1247057e3f0,campaign_db86247476fc6476,0,2024,train
523cb4293367ada850c369e3271e77cedb94560703c5844ae669edd8feb0c956,campaign_523cb4293367ada8,0,2024,train
c2a7cf900c94e9ef971110b1ed32a9503e3af0e07155514a7bdcdc02ea7ae983,campaign_c2a7cf900c94e9ef,0,2025,locked_2025_holdout
3e0686427f2b4160405b1d59974554d563d8d2271e3d59f06e345f4646c567bf,campaign_3e0686427f2b4160,0,2020,validation
cbc488066f1c4cb47ae87b864bb4a7f976e791cbffc08221ec2a8e5a11d7253f,campaign_cbc488066f1c4cb4,0,2021,train
4fe5d741ed4a1a0c0657e079abd978aed5d290af991a2b5d9398b711c34778b7,campaign_4fe5d741ed4a1a0c,0,2021,train
3066bc0e2801424a135dc0fefd8224d0cd3dfda811fccd87f1129093b42b0bdf,campaign_3066bc0e2801424a,0,2024,train
9300871da5c20bbb6d2e7d92cebd3ea6b15608831e0f2a5b75faa43a06372c93,campaign_9300871da5c20bbb,0,2020,train
c3daebf00fd2245fd86354fc42f9fe44bfc0a252a4c3bf60fb110cdce40b0998,campaign_c3daebf00fd2245f,0,2024,train
73c85676882f3d61f99fbb9ccec4fd3ed2d1ed153db3b32c8563ee1753ba72c7,campaign_73c85676882f3d61,0,2020,train
cf4dd7695a45a7f91fec04ac4169afd2da78578e24dd433e7ad986406098edea,campaign_cf4dd7695a45a7f9,0,2022,train
0a40b0506d2761c71f5f6f7ce5f8cdbbe6445d267ac9cb62f3f6158e8c45d0da,campaign_0a40b0506d2761c7,0,2023,train
2003f386a96d0a6085d41a790e1b56d2d30d64a2b165fcefc2a7ecb0407d48c6,campaign_2003f386a96d0a60,0,2023,validation
b0181b7476c847337af642eb218284155c07a5cc11c7fdf11045056b9ca263dd,campaign_b0181b7476c84733,0,2024,train
02448bee694e9c44b3e94baf01fdd5f52eafe0a0fe49e6198d84d5876f28ec79,campaign_02448bee694e9c44,0,2021,train
83ca19c156472d9888d2022bd6c1744061cc34857bb32c667f74e7c4c605ae3a,campaign_83ca19c156472d98,0,2021,train
e56c25e391c6d831edd76f4e0352c5e36d72509e6cffee44e1cc5be5c3317a3c,campaign_e56c25e391c6d831,0,2022,validation
ce255f199d4dac5ec41bb53b67c24d36b6321c1dbb16517a6f4085b41dc074bc,campaign_ce255f199d4dac5e,0,2025,locked_2025_holdout
aedbc0ad6c55ea61aa287f997ad125a0ca91e979832661d21ecdb29f836ee9a7,campaign_aedbc0ad6c55ea61,0,2020,train
319c4da8f6ef9b347559327a05202c3318366480a8c0d4ee672b9b9207ac7b6f,campaign_319c4da8f6ef9b34,0,2020,train
2e11056a954328ab3b8539ed6c36c8afa3499a9c489b494dc95c227f79f90444,campaign_2e11056a954328ab,0,2024,train
6f26548562ef5b48816336711389a4d6c6246d0ed5eeb92802b3b672e2c23ac9,campaign_6f26548562ef5b48,0,2020,train
476595bb245a8b256eab29d44fd688b8961d9bb204034375a6dffc4196927493,campaign_476595bb245a8b25,0,2023,train
b1487eab1ff15a73647e6f56be7558279d990059c0cf250a045c0bc0bdc60cd6,campaign_476595bb245a8b25,0,2023,train
619e76078a4422babd5d899fb6b4889c51e2a2bd84088e0a4d552a81cc453f22,campaign_619e76078a4422ba,0,2024,validation
14cdf9b45700d97297edc8e0fd3e734540eb0d5cd86eb4efb70dea572fd6ae6d,campaign_14cdf9b45700d972,0,2021,train
c30c40235f336bc50c8f8086f89d27bfd283a851e591cb6e3f54ef1685d0621d,campaign_c30c40235f336bc5,0,2024,train
9437e88d1bc24d93018e53c42462db08cc8679be31adfc82539cdaa833b3ae83,campaign_9437e88d1bc24d93,0,2020,train
dea8f246b858f7e320cfc72480d1c72dbfc8500a89ff0e3fa77542b8717c441d,campaign_dea8f246b858f7e3,0,2024,train
d772fad8d1f8e8d4791513f8cb65a1ebab7c3bcb4abe19361d1bc4ca15d021e4,campaign_d772fad8d1f8e8d4,0,2024,train
901dc395fb2de8879ab882f3efbf663bdb85dbecc83f15a14802982f872d9247,campaign_901dc395fb2de887,0,2019,validation
264455c538c87259fff022f02139261963a29929f99f3fb96a05de75ae5f0b41,campaign_264455c538c87259,0,2023,train
0d3f58498fb22e866deba8c757caac7920c8dbf23eb302d74a705e6469acdcac,campaign_0d3f58498fb22e86,0,2025,locked_2025_holdout
6de3fdb0c472a892dcc9d7e9839328f4ffb91834508645c66869ea847ab0f3e9,campaign_6de3fdb0c472a892,0,2019,train
a775dbdad51ccbb320efaeae84436f7a7092cd2e290825e2f6f06ef611606cea,campaign_625639a8ddbc5fed,0,2022,train
00603c001a9b3121f52545325f35eb1415714434c774fd8562e732c005e87bca,campaign_00603c001a9b3121,0,2021,train
2b8927053e834dea037ff7979e372c0ffb0361f38877e4d70432c0f45f9fea02,campaign_2b8927053e834dea,0,2019,validation
c960fdf39ba6fdeeb272337c2085256287816ec4a0a8bcaa3d4132c835b17d7b,campaign_c960fdf39ba6fdee,0,2020,train
72546a62b28ec4f178ede1fa747de0f0bf353488a9ebe576328a9e09ddda552a,campaign_72546a62b28ec4f1,0,2022,train
590493bb779516b92c4786e2419420a7913dc700dab8d03ebb5d6b9086355f8d,campaign_590493bb779516b9,0,2022,validation
23c88be70a64b0c6a15090812eca7ae0ccfa8fac7ecb5204626137cb1f64f8d6,campaign_23c88be70a64b0c6,0,2021,train
93fe1cee3dd9563d0bd4e2d2b4185629d0f316aeba7c556eff214887839077a8,campaign_93fe1cee3dd9563d,0,2020,train
0fb9ed168033aef7420af0731e1192116ec369cc908880dd1661cb51cae2483a,campaign_0fb9ed168033aef7,0,2020,train
515ccaffbd4f13eed4d375a5b1da104b6bdb44d98915aff8de4c0f335de79ce5,campaign_515ccaffbd4f13ee,0,2022,train
6f58a55b45c00142433784a6f7f20caf656778cd2923b49360192672e69217b5,campaign_6f58a55b45c00142,0,2022,validation
0831237db455c2f3370d4c4b554edcf33567ca6ce0731645dea4cd9cfd5ab921,campaign_0831237db455c2f3,0,2023,train
484ae8a01cbcfc6355f7d2ff6729799615b8fa6f5372466dce50ca96fba38d01,campaign_484ae8a01cbcfc63,0,2020,train
17c2293cbb78a6a00ffd301e61b16e6054a884a1861c09df2233f10ab59938d1,campaign_17c2293cbb78a6a0,0,2020,train
3cc301e42fadbd4f692d4917863cd3e3ae1a8e72c87b3edc3d610175dd35f183,campaign_3cc301e42fadbd4f,0,2020,train
2c6d3b6a74fda896119e7f7f0dfde906717c62b80753e1258a17137fffb1c0c7,campaign_2c6d3b6a74fda896,0,2021,train
71ba1576b7da0d6bcbe53bca16f72784857fa77701a0e0fbc6701deb700fcc0a,campaign_71ba1576b7da0d6b,0,2022,train
77d5b66a6ac4fff9578fbc217e4acd94c50b229b76767a8bce0f15463998552a,campaign_77d5b66a6ac4fff9,0,2020,train
e16f3b44078ea8ae1bf2525895634537ad7bcb7b1a415d660cb8a902d99970e7,campaign_e16f3b44078ea8ae,0,2020,validation
798b75d3abb6dbba288ebbf3fda1c8b0d43d084c6936013745dcadb323b1ffc6,campaign_798b75d3abb6dbba,0,2020,train
70ffca04b750d56423010273414ff29a35809404ad16ef49cb624a951ebaa0bc,campaign_70ffca04b750d564,0,2020,validation
7e188ee058ee793d4e3d426ea42384224417f4c6b65c3118bdc6055adb59ef66,campaign_7e188ee058ee793d,0,2021,train
714ecde62fa16dcf896120014c4e20b9d21b2004b711736f45f8998638923aee,campaign_714ecde62fa16dcf,0,2020,train
027eb9652bf9f684a9d3054b2e8e69ca2489372cc326c647813e10857db31203,campaign_027eb9652bf9f684,0,2022,train
7dca103a3a4b4fbe43556a409e686f5f1b0158af03bda2323689056d44624b70,campaign_7dca103a3a4b4fbe,0,2025,locked_2025_holdout
b48ae13cac96c86fd7f10f669224955bca14a9281a77ce3dc68bbc7508660b8e,campaign_8019e9e82b2fc221,0,2021,validation
8019e9e82b2fc221144ce26a7efb0ed9a3ae02a347052883203aaaf2c9c75bb9,campaign_8019e9e82b2fc221,0,2022,validation
e781ad6109ea95e42b479c155bf798a1005c1c4227ab33d74f831f7dffd6a368,campaign_8019e9e82b2fc221,0,2022,validation
7c93d0225fdf8afb25216a3f886a68021d25b37ef4dd06f47546c6f1509c49e6,campaign_7c93d0225fdf8afb,0,2021,train
5839b1a77a93c833d359b53c8f7b7535e43696a9150fce55fe81b5b4b603a047,campaign_5839b1a77a93c833,0,2020,train
575bbb2ab3b1c288055c63fb490ac307aaaf88cd74c2b0047d8a89d4d20e1c20,campaign_575bbb2ab3b1c288,0,2025,locked_2025_holdout
557b9e64fcceaf897bafbd5fbf69370e9a9b7ba58795afcd9dbe42446143a591,campaign_557b9e64fcceaf89,0,2024,train
aac7930d97d445eca6a434a9eef543b7d3a6e995b4a719e73d737301342bb875,campaign_aac7930d97d445ec,0,2021,train
9017368dec71ce1ce3411354ecc307a623d39e833543ecb6518fcf1e0988b0ae,campaign_9017368dec71ce1c,0,2020,validation
de2590d0fae294204ca394e7304db7204d5272d0fd805422cce7a3cb7b5ead73,campaign_de2590d0fae29420,0,2020,train
6bd2a42ad1ddc4399cf7fe32f1dbc2601467be9db135c58055ecf2d579b70c04,campaign_6bd2a42ad1ddc439,0,2020,train
8b2dc21cc70041ad9d614336a604bbe16e00609dbe13f25ef9eff69f36de2e7c,campaign_8b2dc21cc70041ad,0,2021,train
ec327bef1e6c42e5d284dff956d84a1d675cc1084fd2df79b921f0b1a382f1bb,campaign_ec327bef1e6c42e5,0,2024,validation
8fb5c3cb3b0f74dbb546cdb8004d82c6aa3d64168ea7c439c82c564184a6522f,campaign_8fb5c3cb3b0f74db,0,2024,validation
91ff38a3cded1d3e65910ae8b062dd159b97ec1f5d925a8e827f308fd34149a1,campaign_91ff38a3cded1d3e,0,2024,train
cb1cf90a46be474560038918be3bedbb2edfcd5df047578fa8a451cfadf40375,campaign_cb1cf90a46be4745,0,2024,train
5820210d5734d6412bc97a93cc71e399fc12a39ef35ae9d2a64a0838867ac024,campaign_5820210d5734d641,0,2022,train
7ede5885244831ee27a16fa8546ab47f59884f730d101c000fa6fbce1c3dbc4b,campaign_7ede5885244831ee,0,2022,validation
8a3624fd49b5c8806ddb96d9aed3e59aba55f5a8c5fa297d9a31ed2b7f14d09d,campaign_8a3624fd49b5c880,0,2020,train
8dea56e3835a9a00b1799802485d337657138f4c9742e657f371620cfe1c2aff,campaign_8dea56e3835a9a00,0,2021,train
6c9fa93251507af61f8734235b3f73cafd66fb470d612173ddaf8b91c282b127,campaign_6c9fa93251507af6,0,2021,validation
508cd17757f0eca29a124c7468c0ae1aec7eab7ea6e049b5065f00bad19cb40f,campaign_508cd17757f0eca2,0,2023,train
69d650d94be205cd44348a48c637160c9abe4f77e44698bb6898f678a840a3aa,campaign_69d650d94be205cd,0,2024,train
88a0df1dfad4f62368a63232dc08ef445078ebb05701d77c42896b6cb7870264,campaign_88a0df1dfad4f623,0,2022,train
8cf66d8e88e1fd97ebb5597c4bd9b137947ada1b9bcc729887e927b74d9fd7be,campaign_8cf66d8e88e1fd97,0,2024,train
1447613c0b968b862dc3f31244bda44d877a0a05b0d1c6bb5e657f03169fb17c,campaign_1447613c0b968b86,0,2021,train
51c653cf615a5faf3e60e749043873a6abf5a0b815fb3449a496756a2252ebee,campaign_51c653cf615a5faf,0,2024,train
751d7e65ce01930d6bad3e100b16d55df5d9a8ce4414eaaa457e50d33eead1e5,campaign_51c653cf615a5faf,0,2024,train
0eb37cf12bf25629b830bc78ee569074585390a467a64fc10fc4bda243fe7b7e,campaign_0eb37cf12bf25629,0,2021,train
f071ed0573b6dd4fa9ca0672d22626abbfd75328f1e09be6dbc17babb8c3effa,campaign_f071ed0573b6dd4f,0,2025,locked_2025_holdout
c57a81207f2e748e03fc35c9e1a6136ce858a4eed34348aab7dbd118f4808c34,campaign_c57a81207f2e748e,0,2024,validation
4824a73f2f0a284130cc510a99f5103ab210a308fb78647f8b59c2a2370dc592,campaign_4824a73f2f0a2841,0,2023,validation
7deb3354bb9d4eac9bbedc3cf016ed725e0944270672bddece32008ac8b88609,campaign_7deb3354bb9d4eac,0,2023,train
660a943c66adbcc8edcae9902e8a4ab9909c22dc80edad1623ae19c139d0355d,campaign_660a943c66adbcc8,0,2025,locked_2025_holdout
5aa22ca25ca524db85d92b092272aab31c0cb7224d4d30a403aa4ff5dccf650c,campaign_5aa22ca25ca524db,0,2025,locked_2025_holdout
cb83a39599aefa1b7ee664240005f14c83f56359af3a89dee76ca5d8d9de858a,campaign_cb83a39599aefa1b,0,2024,train
169e119095e9fb26a448870232960fa18532693d1d90fda9c2d2436fd8f035b2,campaign_169e119095e9fb26,0,2025,locked_2025_holdout
fdb9ffa0267109300f897cfc39e9a8fdfc0f6d8022cbab7508fc3521294a5330,campaign_fdb9ffa026710930,0,2025,locked_2025_holdout
8dfaa0056ef2a1a7891be13ba65e5a21df732137be5d309fa5c59e248cb7d241,campaign_8dfaa0056ef2a1a7,0,2022,train
9d4afe7867f6000e2cc6518fbec689f3a7a7dafedc25cc421efd39b7f7099988,campaign_9d4afe7867f6000e,0,2023,train
235f6c21a6567d06b8255b3382802fa9d3f304dbec44014cd1d1612c27ebe1e0,campaign_235f6c21a6567d06,0,2023,validation
e10f0d0a67733b3ad8a7a25b5b54d32da901688ab986dc39bcba372761269e04,campaign_e10f0d0a67733b3a,0,2022,train
7e9a6fe14ae5bdb02e51ecea4e1471801d97ab8e884c549b8b3bd4b596483f59,campaign_7e9a6fe14ae5bdb0,0,2019,train
ac7c797bd5f72984e55adfe1e0f364d5c34efc8ed1b13ff00f4fd6f2534d1e4a,campaign_ac7c797bd5f72984,0,2022,train
0836ca01de9f7dff0513b6709a134e8e231da6cf77aa3cba70a54191dd029200,campaign_0836ca01de9f7dff,0,2024,validation
4e5a1c382434546b4a4f54c928b5531f89b97beb96aad59c71df98d59713925c,campaign_4e5a1c382434546b,0,2023,train
1742f895d8a8295af3126c1b8c4cbbc56d288c3512b28b698690837cabf26d82,campaign_1742f895d8a8295a,0,2025,locked_2025_holdout
a0c8ea85b3580008240f243d96fd2b2bf75990eadd857127e96295b75d6fc6cc,campaign_a0c8ea85b3580008,0,2024,train
8b836b10892c220a20465adbf8cbfef575db6d907d08ceeedfc78af8b86977b7,campaign_8b836b10892c220a,0,2022,train
410bf11b3b8d01d58e6508b271c8230d4576a9e5fc49ac08a5eb4e124e516b2f,campaign_410bf11b3b8d01d5,0,2025,locked_2025_holdout
5ffe94f2169f642e57ee91f085ac2cfa7894e0d39f8559e3d87b045545bb7bdd,campaign_5ffe94f2169f642e,0,2024,train
ba2e47bd55293b3c787a289a3cc89b6493e192e666018ab72dab64af1809b6c6,campaign_ba2e47bd55293b3c,0,2022,train
7d810e360b0569c8f4a8c9b8923bfabf6a19250e9ead27bb28c9d7532b3e3b08,campaign_7d810e360b0569c8,0,2023,train
8f0dae53bff23e9f0ac97c5cfb9c82752812d309b77d50eac5303131d711e310,campaign_8f0dae53bff23e9f,0,2021,validation
4e8804fbf811e5a3f2bf9d229ca29d1082d88468f90bb719c7deabf654154475,campaign_4e8804fbf811e5a3,0,2025,locked_2025_holdout
9c0c80987f86213ca550734f2348e2d0729a40932ad1ff5190ca78519c536dbc,campaign_9c0c80987f86213c,0,2020,train
ff14ee0c731f83ebc04291a074580dd7072ae45a71671fb04d31d37a505398ce,campaign_ff14ee0c731f83eb,0,2025,locked_2025_holdout
c8eb116a4ee602545c2367ff10603c1fb1396d3b0df849c1dadcfccec10d15a5,campaign_c8eb116a4ee60254,0,2023,train
138408fca98b3f842143c4ac8159f4a5d18eef84459f7c7575c307ae4e5ac3ab,campaign_138408fca98b3f84,0,2024,train
7a3e04b4a0ad39f8632fcadffb725b3da2448d80de779fde40c1db930013a128,campaign_7a3e04b4a0ad39f8,0,2025,locked_2025_holdout
fbb5e289e42d2c1c88959683938b635d914f800447143a7f7587a43e21bb1acd,campaign_fbb5e289e42d2c1c,0,2023,train
deb0a0dc3d895f24632f7bde76eee2ad8f54f6b6e5728212903d979fc200aef3,campaign_deb0a0dc3d895f24,0,2022,train
8651ae8cfee9edc26b78e2254a11a07607791857d7ea2f602e06d4320a8311aa,campaign_8651ae8cfee9edc2,0,2021,train
12195eecbc8a1301c780adbab167b25f9614c1dd4af0ea9bb5c258efbc18354b,campaign_12195eecbc8a1301,0,2022,validation
9d495ecb309efa088d21cca77044ffb10e55c831071bc24a0817af8f79a2f938,campaign_9d495ecb309efa08,0,2024,train
18112d58be253730b2fcc329841a55197cb911339e0a06419185aceced6e1a1b,campaign_18112d58be253730,0,2020,train
b32fe268bc556efb29f5083b1c96121840d40528d4251074dd422bec843319f8,campaign_b32fe268bc556efb,0,2020,train
ee7413311d7f7cd619a51a4ad98cc4b54262091a5ec831319148a09e430eed67,campaign_ee7413311d7f7cd6,0,2023,train
c0f6b064108065b40b26b25f2671290a37b97c741fea9750e2755374ce812518,campaign_c0f6b064108065b4,0,2025,locked_2025_holdout
d55a348c618075afe4fa0da6b7d3d9cadddbee3094d270c240c79b09850a2862,campaign_d55a348c618075af,0,2022,train
edae9007eb3a20a8c4890efef8643f6ad2dafeeb765a9588a24bacd48701992c,campaign_edae9007eb3a20a8,0,2021,train
1355f458ac2257b83977f57db27c6fa6bb66800a945ce6ce912c5555622f6f02,campaign_1355f458ac2257b8,0,2025,locked_2025_holdout
46f6de34022f7d9ba7022ecbdeef505fc319e5fdeebf04289d24052b980bf68b,campaign_46f6de34022f7d9b,0,2021,validation
4fcb4510a3fc2d4bd0262da9facb8131e817cc675c62104d332497efca285816,campaign_4fcb4510a3fc2d4b,0,2022,train
1cdf439760772fe0c85447ebccd6771fbb946c93b22a4d831d928109c83b39f4,campaign_1cdf439760772fe0,0,2021,validation
84fa2bd9cbb843156a392554464c0aa7abb2392838f5d5f5c55b65965632cdfa,campaign_84fa2bd9cbb84315,0,2021,validation
a14ceda3e7d6981e14ef6d5abf31c8332f7bd60483ef6fd29d1f85e1d56e7dee,campaign_a14ceda3e7d6981e,0,2019,validation
c0d3c5d8f8e71c5e595e1538c6e3384281892d863c2e0627139d77e206230e9e,campaign_c0d3c5d8f8e71c5e,0,2025,locked_2025_holdout
4912e8e1fb3bee7e1ea55827becfb85865146337dfc7765b7d2e0f3b6dbc5157,campaign_4912e8e1fb3bee7e,0,2024,validation
4e421b95b0edebd67c83d3273eadf019a56de4493b6ac7fb5997324fbe44fc6b,campaign_4e421b95b0edebd6,0,2024,validation
1a4581d1dfd0a9f0790b7b4932a1b1e1a130d15425ab3098796863a76b65c247,campaign_1a4581d1dfd0a9f0,0,2025,locked_2025_holdout
5d4dff1b5cb041b62839599c8a117dbf2eb3e724c77916a1dcd0820cbccb8d1f,campaign_5d4dff1b5cb041b6,0,2021,train
8c5997f1634634870b0783480cd9529c01286fd3775fafb0785e0831a2bc0f4f,campaign_8c5997f163463487,0,2025,locked_2025_holdout
c4a3e98636078e2505ef45fc4e91a1b62dd03b95477a1c5f24c933dbbe720940,campaign_c4a3e98636078e25,0,2022,train
5f0e3d883f0968579823fa165a327d2242be840998a95778d84d48cefe9ab64a,campaign_5f0e3d883f096857,0,2024,train
32c2cbc3c9136416dbe03a1b9b315ed45c340a6747c8e3467dbe97525cd20c94,campaign_32c2cbc3c9136416,0,2024,train
902489f984a17952aef694b2980ff9353f6f0950809d5b409d2fef0ac11ae6c5,campaign_902489f984a17952,0,2023,train
4a8ff62b9b6c6049b9988c1b069cbd1dad374b4c8ed65aa38711458c5457326a,campaign_4a8ff62b9b6c6049,0,2024,train
bf4330be824c390ed146d0dfebb9058c0c74c14fea745e3ce237cec5002c3376,campaign_bf4330be824c390e,0,2021,train
c534c56d5f194031f270a13908d10d853d38607ecaac27cb29d90cc6f1244b66,campaign_c534c56d5f194031,0,2019,train
d866de29c0f2e53085abffbf430d1664ce022b76d2bf4f5e543291aa35b31e86,campaign_d866de29c0f2e530,0,2020,train
8478e337e51ef9e2a8ed53a6f4f554261051de8dc4d93438bfb9f03e1ce6be87,campaign_8478e337e51ef9e2,0,2024,train
f6cb5457e5454d01076736758f09652853867caf22fb2a28fe0bf95e7d374c3f,campaign_f6cb5457e5454d01,0,2024,train
107a5f6e84e6b225e513d538ca19b3f3d2006800fe6bfbfb404c396d7c1b55ed,campaign_107a5f6e84e6b225,0,2025,locked_2025_holdout
d03da86bb972390dd171d4515d065580f8fda0b2151fcaa2ba3e32b91c4f0383,campaign_d03da86bb972390d,0,2024,validation
7f5b7cb463e826429bb62aefc360034227937a1a4818e89a0df5d6e9c3762fe9,campaign_7f5b7cb463e82642,0,2025,locked_2025_holdout
7f44ff13bf7f8f1e0c35a784becc397c0cf3c467ad8b09671da645b295de1a6a,campaign_7f44ff13bf7f8f1e,0,2023,train
df7e638f1593b2e928b1325ecfaedda559ae783489229333e515ad33d61322e1,campaign_df7e638f1593b2e9,0,2025,locked_2025_holdout
75a2ed243cfc9a4edf02c0ddb6b9775519eb93576f8cca84b3f3c8635f3b25bd,campaign_75a2ed243cfc9a4e,0,2025,locked_2025_holdout
eb508bdf77bb968fa88690dfc46538dadb2f856c46edcc2e57d080f563ff48ec,campaign_eb508bdf77bb968f,0,2024,validation
2d2c838fcd0dc8abc576272086fda2f110e450eac00db14672b737612557b087,campaign_2d2c838fcd0dc8ab,0,2025,locked_2025_holdout
2b4e1a7b296b9032c97881f0cd33f5258f0f458f7c24a24828eca84e54747af7,campaign_2b4e1a7b296b9032,0,2025,locked_2025_holdout
6f7ffc3baf797b92481ea5bdf2b60088329c0269123a58d2cef4cec9a5419f8e,campaign_6f7ffc3baf797b92,0,2025,locked_2025_holdout
9bcc66abd737f253bebffc60802633213184f4678e720bfdf8b046cbfc834fdd,campaign_9bcc66abd737f253,0,2023,train
769596a49d8a9a28c4b86a02e18ae98f96e304d799642702a9c27513c863abe6,campaign_769596a49d8a9a28,0,2024,train
59a9224a3b40ac1a423c0549997202e06c64ba79f93bafb0bfc3ea3741f706bd,campaign_59a9224a3b40ac1a,0,2020,validation
7ec88b827ac57e6d13dbb8368a1d843001734f3b8e0366f0cd00678ec56e5074,campaign_7ec88b827ac57e6d,0,2025,locked_2025_holdout
2785f2ec93e153420c19f122c256f1225066712180b2e6e658e7f68ed5b784a3,campaign_2785f2ec93e15342,0,2025,locked_2025_holdout
e4def7805a7d9d5ab71d37e5981dc1eaf370487d87991a2c5f145f20ea1a25b9,campaign_e4def7805a7d9d5a,0,2025,locked_2025_holdout
6752d9dbc9abfa3ae16f69d466d378a3c3cfa67ab9384a68cd5a294b107d5846,campaign_6752d9dbc9abfa3a,0,2024,train
1fc1398211111989cb034fee73dc7a8f51437e45440b566111a5f52c72928293,campaign_1fc1398211111989,0,2025,locked_2025_holdout
301ccdb92cc778570a030d475f5d0474d8174b52fe85480ccb66555303ebb170,campaign_301ccdb92cc77857,0,2024,train
e0f51879e3b10d441b7d59328662b5b9073b56cb7b31563284c77fd7565151ad,campaign_e0f51879e3b10d44,0,2021,train
bee6fcc7f939057dc15c1c9c1cc82de35fec2f0fc83c80a1e7b42f456c583c43,campaign_bee6fcc7f939057d,0,2024,train
6ab8a1e9045513ad9845fbd718d16cbaeed8f912bf7d53c43890320885bf9634,campaign_6ab8a1e9045513ad,0,2024,train
3730f25aee81dc8766e0dc7245b74283b6f0d53134bccfc0f91596474dd55e5f,campaign_3730f25aee81dc87,0,2025,locked_2025_holdout
88d4a1253d450e131978010bcdce6821bc8bfa4b35ada573aa4f3d186b34af11,campaign_88d4a1253d450e13,0,2021,validation
12a2c95a3b87c4138ef1974c0d9eae1ce02dc7cbb19940936f12fdb9c37c8ea6,campaign_12a2c95a3b87c413,0,2023,train
5e64d343942656f759a22dc2ed8fa21b06535472e58bc27de9948b69c58bd9b8,campaign_5e64d343942656f7,0,2021,train
858ae00a9d33f959bc132f8a8d91f385876c5f420d67db6665716afdf8d0a2ad,campaign_5e64d343942656f7,0,2020,train
7267996a5c8dc974cab20668eb5f98b8608597603ebf046fd114813c59eaf4f5,campaign_7267996a5c8dc974,0,2023,validation
05242aa39d74ab6295af7b3906d0fd06fe62a16e098ab0a6403a8f526d3d07ce,campaign_05242aa39d74ab62,0,2023,train
600edaa6b080f45333e04dad8c43d2302389618e981c803d458b81070c4fd280,campaign_600edaa6b080f453,0,2024,train
e984d942424990682636c6ba02c21e52d1d0451b611a1fadaa0420432a4d8955,campaign_e984d94242499068,0,2023,validation
f4e85f5469686af1dc95f70f64df44025b728d34952352723099991f0d71cd72,campaign_f4e85f5469686af1,0,2024,train
60b36cec59007534d4229fae5a39e3bcefa17ab860812bbd7c608e38c02231b5,campaign_60b36cec59007534,0,2024,train
